Forwarder;Origin CTRY;Dest CTRY;CHG from;CHG to;Unit;Zone 1;Zone 2;Zone 3;Zone 4;Zone 5;Zone 6;Zone 7;Zone 8;Zone 9;Zone 10;Zone 11;Zone 12;Zone 13;Zone 14;Zone 15;Zone 16;Zone 17;Zone 18;Zone 19;Zone 20;Zone 21;Zone 22;Zone 23;Zone 24;Zone 25;Zone 26;Zone 27;Zone 28;Zone 29;Zone 30;Zone 31;Zone 32;Zone 33;Zone 34;Zone 35;Zone 36;Zone 37;Zone 38;Zone 39;Zone 40;Zone 41;Zone 42;Zone 43;Zone 44;Zone 45;Zone 46;Zone 47;Zone 48;Zone 49;Zone 50;Zone 51;Zone 52;Zone 53;Zone 54;Zone 55;Zone 56;Zone 57;Zone 58;Zone 59;Zone 60;Zone 61;Zone 62;Zone 63;Zone 64;Zone 65;Zone 66;Zone 67;Zone 68;Zone 69;Zone 70;Zone 71;Zone 72;Zone 73;Zone 74;Zone 75;Zone 76;Zone 77;Zone 78;Zone 79;Zone 80;Zone 81;Zone 82;Zone 83;Zone 84;Zone 85;Zone 86;Zone 87;Zone 88;Zone 89;Zone 90;Zone 91;Zone 92;Zone 93;Zone 94;Zone 95;Zone 96;Zone 97;Zone 98;Zone 99;Zone 100;Zone 101;Zone 102;Zone 103;Zone 104;Zone 105;Zone 106;Zone 107;Zone 108;Zone 109;Zone 110;Zone 111;Zone 112;Zone 113
Voigt;DE;DE;0;1;PLL;67,62366;79,5483;71,52756;66,84288;64,78446;71,3856;72,69366;72,01428;62,08722;63,91242;61,82358;62,2596;76,17168;75,82692;61,99596;70,2702;56,79414;45,53874;50,01048;46,27896;46,137;38,28864;47,42478;65,48412;55,09062;51,32868;55,54692;48,94578;52,36296;57,5445;58,63962;61,71204;71,88246;68,5464;69,9153;58,74102;63,0708;62,868;70,68594;62,65506;61,6005;62,45226;63,3243;61,74246;65,39286;63,06066;62,361;63,40542;67,7352;67,67436;72,30834;73,4136;70,6251;69,60096;59,84628;59,75502;68,40444;69,6111;68,62752;70,39188;73,62654;76,39476;68,06982;67,18764;73,68738;74,66082;76,14126;79,73082;81,71826;75,00558;74,56956;74,9346;85,74384;90,1446;88,96836;84,39522;86,43336;89,95194;102,32274;84,72984;85,29768;86,8491;91,0572;91,37154;82,26582;71,72022;76,72938;78,27066;78,18954;84,30396;69,63138;75,61398;73,12968;75,33006;66,45756;;;;;;;;;;;;;;;;;;
Voigt;DE;DE;1,01;2;PLL;53,40738;60,9414;55,22244;51,714;49,80768;55,39482;57,66618;56,66232;45,5793;46,58316;46,53246;46,57302;56,3277;53,86368;46,45134;51,34896;42,09114;31,55568;35,21622;32,21478;30,90672;23,55522;29,94342;47,68842;40,04286;37,22394;39,91104;34,97286;37,78164;43,59186;44,09886;47,5566;55,38468;52,49478;52,99164;42,92262;47,49576;48,10416;55,12104;48,08388;47,11044;47,62758;48,23598;47,0496;48,672;47,08002;48,30696;49,06746;53,10318;52,79898;57,72702;58,04136;56,08434;53,40738;45,4272;45,03174;53,65074;54,61404;53,77242;55,40496;57,7473;60,6879;53,86368;53,22486;58,26444;60,57636;61,4484;64,2876;65,7072;60,40398;60,03894;60,5358;71,32476;74,64054;73,3629;69,73278;71,26392;74,21466;81,29238;69,36774;69,99642;71,62896;72,82548;72,79506;67,00512;57,57492;61,6512;63,14178;64,87572;69,09396;55,23258;59,7753;57,16932;58,46724;52,07904;;;;;;;;;;;;;;;;;;
Voigt;DE;DE;2,01;3;PLL;48,5199;55,17174;48,91536;45,63;43,93662;49,05732;51,58218;50,42622;41,0163;42,20268;40,2558;40,58028;48,53004;46,14714;40,44846;44,52474;36,41274;27,2259;29,53782;27,48954;24,60978;17,92752;23,65662;41,2698;34,28334;32,84346;34,44558;31,6875;32,81304;38,42046;39,58656;42,19254;49,09788;46,42092;47,01918;36,33162;41,64498;42,87192;48,90522;42,97332;42,10128;42,50688;42,90234;42,27366;42,51702;41,1684;43,7034;44,08872;48,42864;47,03946;52,09932;51,83568;50,7507;46,81638;40,88448;39,3939;48,63144;49,09788;48,76326;49,44264;51,7647;54,88782;48,63144;48,29682;52,07904;55,88154;55,91196;57,9501;58,99452;54,88782;54,47208;55,39482;65,8593;68,3943;67,62366;66,48798;66,91386;68,13066;73,6164;64,09494;64,96698;66,37644;66,53868;65,81874;61,37742;53,57976;55,6179;56,86512;59,94768;63,54738;49,94964;53,1336;50,98392;52,24128;46,86708;;;;;;;;;;;;;;;;;;
Voigt;DE;DE;3,01;4;PLL;46,8975;51,13602;46,67442;43,73382;42,27366;46,92792;49,37166;48,44892;37,93374;38,45088;38,21766;38,21766;45,64014;42,29394;38,72466;40,54986;34,7295;25,32972;27,6315;25,79616;22,64262;15,89952;20,99994;38,23794;32,46828;30,95742;31,95114;29,29446;31,37316;37,2138;37,518;40,67154;45,95448;43,35864;43,82508;34,11096;39,5967;41,30022;47,151;41,44218;40,51944;40,89462;41,10756;40,48902;40,51944;39,23166;41,94918;42,39534;46,62372;45,25482;50,68986;49,89894;49,04718;44,27124;38,99844;37,81206;47,02932;47,63772;46,98876;48,0636;49,74684;52,24128;47,08002;46,75554;50,03076;54,1983;54,26928;56,03364;56,7333;53,36682;53,04234;53,51892;64,53096;66,15336;65,23062;63,89214;64,92642;66,43728;70,58454;61,61064;62,57394;64,24704;63,25332;62,32044;59,84628;51,4605;53,87382;54,59376;58,3557;60,37356;48,37794;51,17658;48,93564;48,84438;45,14328;;;;;;;;;;;;;;;;;;
Voigt;DE;DE;4,01;5;PLL;45,40692;48,68214;45,0216;42,11142;40,67154;45,18384;47,88108;46,8468;35,91588;36,3012;36,6054;36,56484;43,602;39,87048;37,04142;38,26836;33,16794;24,02166;26,09022;24,36642;20,94924;14,33796;19,45866;36,00714;30,99798;29,61894;30,38958;27,99654;29,93328;35,52042;35,98686;39,17082;44,1597;41,6754;41,79708;32,35674;37,98444;39,71838;45,55902;39,97188;39,07956;39,40404;39,52572;39,039;38,8362;37,39632;40,54986;40,90476;45,21426;43,64256;49,01676;48,12444;47,52618;42,61842;37,52814;36,17952;45,64014;46,01532;45,56916;46,27896;47,8608;50,5986;45,5286;45,23454;48,24612;52,79898;52,68744;54,43152;55,1616;51,73428;51,39966;52,03848;62,82744;64,68306;63,6792;62,32044;63,91242;64,83516;68,73906;59,7246;61,2456;62,73618;60,96168;60,14034;58,09206;50,18286;52,21086;53,05248;56,97666;58,63962;46,76568;49,67586;47,27268;47,00904;43,67298;;;;;;;;;;;;;;;;;;
Voigt;DE;DE;5,01;6;PLL;44,64642;48,672;43,62228;41,4726;39,96174;44,49432;47,17128;46,20798;35,46972;35,88546;35,85504;35,68266;42,76038;39,45474;36,3519;37,63968;32,55954;22,64262;25,38042;23,34228;20,31042;13,52676;18,5562;35,53056;30,20706;28,53396;29,80146;26,59722;29,5074;35,11482;35,3886;38,5827;43,59186;41,1177;41,45232;31,90044;37,24422;39,02886;44,93034;39,36348;38,35962;38,70438;38,64354;38,11626;38,13654;36,7068;39,42432;39,88062;44,2611;43,06458;48,4692;47,53632;46,66428;41,9289;36,37218;35,42916;44,96076;45,49818;44,7174;45,82266;47,37408;49,84824;44,77824;44,4639;47,66814;52,04862;52,00806;53,76228;54,4011;51,01434;50,86224;51,17658;62,40156;63,81102;62,99982;60,81972;62,868;64,26732;67,69464;59,4204;60,36342;61,76274;60,7893;59,58264;57,51408;48,69228;51,65316;52,31226;56,09448;58,14276;45,87336;48,85452;46,50204;46,50204;42,76038;;;;;;;;;;;;;;;;;;
Voigt;DE;DE;6,01;7;PLL;44,20026;47,68842;43,06458;40,83378;39,37362;43,76424;46,53246;45,51846;34,95258;35,32776;35,21622;35,0844;41,59428;38,2785;35,68266;36,64596;31,9917;22,41954;24,81258;22,99752;19,64118;12,98934;17,77542;34,60782;29,61894;28,20948;29,14236;26,42484;28,88886;34,5774;34,90188;38,05542;42,83136;40,36734;40,62084;31,08924;36,6054;38,49144;44,23068;38,8362;37,8729;38,16696;38,11626;37,6701;37,35576;36,01728;39,12012;39,4953;43,83522;42,47646;47,9115;46,87722;46,19784;41,17854;36,03756;34,90188;44,43348;44,8695;44,23068;45,16356;46,66428;49,21956;44,30166;44,03802;46,9989;51,6126;51,4605;53,07276;53,65074;50,4972;50,30454;50,73042;61,82358;63,1722;62,34072;60,64734;62,39142;63,51696;66,54882;58,74102;59,78544;61,25574;59,826;58,56864;56,90568;48,49962;50,98392;51,65316;55,73958;57,4938;45,41706;48,13458;45,8328;45,67056;42,30408;;;;;;;;;;;;;;;;;;
Voigt;DE;DE;7,01;8;PLL;39,86034;42,65898;38,91732;37,1124;35,75364;39,75894;42,25338;41,40162;31,16022;31,47456;31,82946;31,7382;38,03514;34,476;32,53926;33,19836;28,96998;19,9251;22,49052;20,56392;18,03906;11,85366;15,9705;31,31232;26,871;25,27902;26,43498;23,89998;26,34372;31,434;31,39344;34,40502;38,82606;36,53442;36,63582;28,392;33,26934;34,8309;40,19496;34,96272;34,0704;34,43544;34,5774;33,95886;33,95886;32,67108;35,11482;35,5914;39,47502;38,4813;43,40934;42,6387;41,74638;37,50786;32,47842;31,64694;39,98202;40,64112;39,87048;41,07714;42,32436;44,50446;40,07328;39,75894;42,71982;46,48176;46,5933;48,25626;48,85452;45,72126;45,54888;45,77196;55,96266;57,33156;56,36826;54,98922;56,14518;57,6966;60,21132;53,02206;54,13746;55,44552;53,95494;53,11332;51,48078;43,602;46,30938;46,9989;50,46678;51,94722;41,15826;43,84536;41,58414;41,30022;38,26836;;;;;;;;;;;;;;;;;;
Voigt;DE;DE;8,01;9;PLL;67,05582;74,05242;63,2229;61,43826;56,16546;65,4537;68,89116;66,64008;51,1056;52,3224;47,74926;51,01434;56,20602;48,89508;47,658;45,70098;40,2558;28,1892;31,27176;28,1892;34,77006;30,0144;30,54168;44,12928;34,45572;38,61312;38,61312;42,71982;43,16598;46,34994;46,83666;53,32626;60,74874;59,50152;48,24612;45,91392;47,89122;59,68404;61,05294;57,65604;54,9081;54,67488;54,83712;58,23402;49,18914;46,22826;61,69176;61,12392;64,56138;64,90614;79,30494;75,9486;68,27262;61,21518;55,0095;52,6773;64,56138;64,56138;65,49426;67,67436;65,94042;84,86166;75,22866;74,95488;74,05242;86,5956;84,63858;91,22958;86,5956;80,8665;82,42806;81,38364;89,20158;99,5241;95,54922;97,42512;97,42512;102,11994;104,47242;100,81188;96,06636;95,3667;97,42512;98,82444;87,33582;81,39378;80,22768;83,98962;90,50964;101,16678;72,98772;73,34262;68,7492;65,59566;60,15048;;;;;;;;;;;;;;;;;;
Voigt;DE;DE;9,01;10;PLL;60,35328;66,65022;56,89554;55,29342;50,5479;58,90326;62,0061;59,9781;45,99504;47,09016;42,97332;45,91392;50,58846;44,0076;42,8922;41,12784;36,23022;25,37028;28,14864;25,37028;31,29204;27,01296;27,48954;39,71838;31,01826;34,74978;34,74978;38,45088;38,85648;41,71596;42,15198;47,99262;54,67488;53,55948;43,41948;41,3205;43,10514;53,71158;54,94866;51,88638;49,42236;49,19928;49,35138;52,41366;44,27124;41,60442;55,52664;55,0095;58,1022;58,41654;71,37546;68,35374;61,4484;55,09062;49,50348;47,41464;58,1022;58,1022;58,94382;60,91098;59,34942;76,37448;67,70478;67,46142;66,65022;77,93604;76,18182;82,11372;77,93604;72,78492;74,18424;73,25136;80,28852;89,57676;85,99734;87,68058;87,68058;91,90896;94,01808;90,73272;86,46378;85,8351;87,68058;88,94808;78,60528;73,25136;72,20694;75,5937;81,45462;91,04706;65,68692;66,0114;61,87428;59,03508;54,13746;;;;;;;;;;;;;;;;;;
Voigt;DE;DE;10,01;11;PLL;59,2176;65,47398;55,80042;54,20844;49,50348;57,78786;60,86028;58,85256;44,98104;46,07616;41,98974;44,91006;49,54404;43,01388;41,90862;40,16454;35,30748;24,5388;27,28674;24,5388;30,40986;26,17134;26,63778;38,75508;30,13608;33,83718;33,83718;37,50786;37,90332;40,74252;41,17854;46,96848;53,5899;52,48464;42,4359;40,3572;42,11142;52,64688;53,86368;50,83182;48,37794;48,165;48,3171;51,34896;43,27752;40,63098;54,44166;53,92452;56,9868;57,30114;70,15866;67,16736;60,31272;54,01578;48,4692;46,3905;56,9868;56,9868;57,82842;59,7753;58,22388;75,14754;66,5184;66,28518;65,47398;76,71924;74,95488;81,2721;76,76994;71,54784;72,9573;72,02442;79,28466;88,83654;85,23684;86,9505;86,9505;91,14846;93,24744;89,98236;85,65258;85,0239;86,93022;88,18758;77,44932;72,01428;71,00028;74,36676;80,5623;90,2967;64,52082;64,83516;60,7386;57,91968;53,05248;;;;;;;;;;;;;;;;;;
Voigt;DE;DE;11,01;12;PLL;54,28956;60,01866;51,14616;49,69614;45,3765;52,97136;55,79028;53,9448;41,23938;42,2331;38,49144;41,1684;45,40692;39,42432;38,42046;36,81834;32,36688;22,49052;25,01538;22,49052;27,87486;23,99124;24,41712;35,53056;27,62136;31,01826;31,01826;34,38474;34,74978;37,34562;37,75122;43,05444;49,1283;48,1143;38,89704;36,99072;38,60298;48,25626;49,37166;46,5933;44,35236;44,14956;44,29152;47,06988;39,66768;37,24422;49,89894;49,4325;52,24128;52,5252;64,30788;61,57008;55,28328;49,51362;44,42334;42,52716;52,24128;52,24128;53,00178;54,79656;53,37696;68,89116;60,98196;60,75888;60,01866;70,33104;68,70864;74,49858;70,3716;65,58552;66,8733;66,02154;72,67338;81,43434;78,13884;79,71054;79,71054;83,5536;85,47006;82,4889;78,51402;77,93604;79,69026;80,83608;71,00028;66,0114;65,08866;68,17122;73,84962;82,77282;59,14662;59,43054;55,67874;53,09304;48,63144;;;;;;;;;;;;;;;;;;
Voigt;DE;DE;12,01;13;PLL;53,80284;59,5218;50,65944;49,20942;44,87964;52,48464;55,30356;53,45808;40,75266;41,74638;38,00472;40,68168;44,9202;38,9376;37,93374;36,33162;31,87002;22,0038;24,52866;22,0038;27,38814;23,49438;23,9304;35,04384;27,1245;30,5214;30,5214;33,88788;34,25292;36,8589;37,2645;42,56772;48,64158;47,62758;38,41032;36,504;38,11626;47,76954;48,88494;46,10658;43,8555;43,66284;43,79466;46,58316;39,18096;36,7575;49,41222;48,94578;51,75456;52,03848;63,89214;61,18476;54,79656;49,0269;43,93662;42,04044;51,75456;51,75456;52,5252;54,30984;52,89024;68,76948;60,4851;60,27216;59,5218;70,33104;68,57682;74,49858;70,33104;65,21034;66,57924;65,68692;72,67338;81,43434;78,13884;79,71054;79,71054;83,5536;85,47006;82,4889;78,51402;77,93604;79,69026;80,83608;71,00028;65,64636;64,77432;67,9887;73,84962;82,77282;58,64976;58,94382;55,19202;52,60632;48,14472;;;;;;;;;;;;;;;;;;
Voigt;DE;DE;13,01;14;PLL;49,95978;55,27314;47,03946;45,69084;41,6754;48,73284;51,34896;49,6353;37,84248;38,76522;35,29734;37,7715;41,71596;36,15924;35,22636;33,73578;29,59866;20,4321;22,77444;20,4321;25,43112;21,82128;22,21674;32,53926;25,18776;28,3413;28,3413;31,47456;31,80918;34,2225;34,59768;39,52572;45,16356;44,22054;35,67252;33,89802;35,39874;44,35236;45,39678;42,81108;40,72224;40,53972;40,67154;43,25724;36,38232;34,13124;45,8835;45,44748;48,05346;48,3171;59,32914;56,81442;50,88252;45,51846;40,79322;39,039;48,05346;48,05346;48,7734;50,43636;49,10802;63,86172;56,16546;55,96266;55,27314;65,31174;63,6792;69,17508;65,31174;60,54594;61,82358;60,9921;67,4817;75,61398;72,5517;74,01186;74,01186;77,59128;79,36578;76,59756;72,9066;72,36918;73,99158;75,06642;65,93028;60,95154;60,15048;63,13164;68,57682;76,8612;54,46194;54,73572;51,24756;48,84438;44,70726;;;;;;;;;;;;;;;;;;
Voigt;DE;DE;14,01;15;PLL;46,62372;51,58218;43,9062;42,64884;38,89704;45,48804;47,93178;46,32966;35,31762;36,17952;32,94486;35,25678;38,92746;33,74592;32,87388;31,4847;27,62136;19,07334;21,25344;19,07334;23,73774;20,36112;20,7363;30,3693;23,51466;26,45526;26,45526;29,37558;29,68992;31,941;32,2959;36,88932;42,15198;41,2698;33,28962;31,6368;33,03612;41,40162;42,36492;39,96174;38,01486;37,84248;37,96416;40,36734;33,95886;31,85988;42,82122;42,41562;44,84922;45,10272;55,37454;53,0322;47,49576;42,4866;38,0757;36,43302;44,84922;44,84922;45,51846;47,06988;45,8328;59,60292;52,4238;52,23114;51,58218;60,95154;59,43054;64,56138;60,95154;56,51022;57,70674;56,92596;62,98968;70,5744;67,71492;69,08382;69,08382;72,41988;74,08284;71,487;68,04954;67,54254;69,06354;70,05726;61,53966;56,89554;56,13504;58,92354;64,00368;71,7405;50,83182;51,08532;47,83038;45,58944;41,7261;;;;;;;;;;;;;;;;;;
Voigt;DE;DE;15,01;20;PLL;43,11528;47,9622;40,57014;39,3939;35,88546;42,05058;44,37264;42,8415;32,52912;33,34032;30,30846;32,47842;35,91588;31,06896;30,24762;28,9497;25,32972;17,32926;19,37754;17,32926;21,6996;18,54606;18,89082;27,90528;21,48666;24,24474;24,24474;26,9724;27,26646;29,37558;29,70006;34,00956;38,92746;38,10612;30,63294;29,09166;30,39972;38,2278;39,13026;36,87918;35,05398;34,90188;35,01342;37,2645;31,26162;29,29446;39,55614;39,18096;41,45232;41,68554;51,72414;49,37166;43,9569;39,2418;35,12496;33,57354;41,45232;41,45232;42,081;43,53102;42,37506;55,78014;48,78354;48,60102;47,9622;57,04764;55,6179;60,42426;57,04764;52,85982;54,00564;53,24514;58,95396;66,0621;63,375;64,65264;64,65264;67,7859;69,33732;66,91386;63,68934;63,2229;64,6425;65,57538;57,5952;53,24514;52,40352;55,15146;59,89698;67,14708;47,22198;47,47548;44,30166;42,15198;38,532;;;;;;;;;;;;;;;;;;
Voigt;DE;DE;20,01;25;PLL;39,45474;44,14956;36,94002;35,77392;32,4987;38,39004;40,68168;39,17082;29,406;30,14622;27,35772;29,3553;32,52912;28,05738;27,29688;26,10036;22,7643;15,38238;17,26842;15,38238;19,40796;16,50792;16,82226;25,13706;19,2153;21,76044;21,76044;24,27516;24,54894;26,49582;26,80002;30,76476;35,37846;34,55712;27,66192;26,23218;27,43884;34,66866;35,52042;33,42144;31,72806;31,5861;31,6875;33,77634;28,22976;26,42484;35,9463;35,57112;37,80192;38,03514;47,68842;45,4272;40,26594;35,63196;31,7889;30,3693;37,80192;37,80192;38,42046;39,86034;38,71452;51,43008;44,95062;44,7681;44,14956;52,59618;51,27798;55,70916;52,59618;48,74298;49,7874;49,08774;54,3504;60,7386;58,3557;59,51166;59,51166;62,23932;63,5778;61,47882;58,6092;58,2036;59,48124;60,29244;53,09304;49,08774;48,30696;50,84196;55,22244;61,69176;43,43976;43,67298;40,59042;38,49144;35,00328;;;;;;;;;;;;;;;;;;
Voigt;DE;DE;25,01;30;PLL;36,91974;41,33064;34,50642;33,38088;30,10566;35,90574;38,0757;36,6561;27,14478;27,84444;25,22832;27,10422;30,12594;25,88742;25,17762;24,05208;20,92896;14,02362;15,78798;14,02362;17,7957;15,06804;15,37224;23,14962;17,61318;19,98594;19,98594;22,34856;22,60206;24,42726;24,70104;28,42242;32,955;32,17422;25,51224;24,17376;25,2993;32,28576;33,13752;31,01826;29,33502;29,19306;29,29446;31,3833;26,04966;24,35628;33,54312;33,17808;35,34804;35,56098;44,63628;42,51702;37,69038;33,23892;29,38572;28,04724;35,34804;35,34804;35,93616;37,3152;36,22008;48,12444;42,07086;41,90862;41,33064;49,20942;47,98248;51,92694;49,179;45,61986;46,60344;45,94434;50,74056;56,35812;54,249;55,25286;55,25286;57,71688;58,93368;57,02736;54,49236;54,11718;55,24272;55,98294;49,64544;45,95448;45,21426;47,57688;51,50106;57,22002;40,6614;40,88448;37,99458;35,997;32,57982;;;;;;;;;;;;;;;;;;
Voigt;DE;DE;30,01;34;SHP;1054,8642;1180,87398;985,8108;953,7684;859,23318;1025,9145;1087,9713;1047,3606;774,01662;793,962;719,1795;772,79982;859,57794;738,0906;717,68892;685,63638;596,5362;399,1104;449,6076;399,1104;506,83776;429,03354;437,58156;659,8605;501,66636;569,62464;569,62464;636,8934;644,1942;696,28338;704,223;810,62202;941,32662;918,9882;727,31178;689,1144;721,42044;922,11132;946,75152;885,63774;836,8035;832,83876;835,61712;896,05152;742,67388;694,26552;958,34154;948,0393;1009,8426;1016,08884;1275,4092;1214,8227;1076,868;949,7631;838,39548;799,98516;1009,8426;1009,8426;1026,7257;1066,1196;1034,84784;1374,63924;1202,12742;1197,27036;1180,87398;1405,5054;1370,78604;1481,3019;1404,5928;1303,5477;1331,44284;1312,7751;1448,1441;1607,65644;1547,5161;1576,0602;1576,0602;1646,44194;1681,13088;1626,82104;1554,48228;1543,94682;1575,8067;1596,86748;1417,68354;1312,9272;1291,67376;1359,2163;1469,45838;1632,2358;1161,74994;1168,128;1085,46672;1028,6016;930,50724;;;;;;;;;;;;;;;;;;
Mordhorst;DE;DE;0;1;PLL;65,4;77;74,1;64,9;63,6;70,5;64,9;62;61,6;61,6;65,4;58,8;70,5;74,1;70,6;66,4;61,1;49;52,1;49;52,1;44,08;52,1;65,4;56,8;60,6;60,3;52,8;60,3;53,3;56,2;59,2;62,5;65,3;62,3;64,6;74,1;61,8;64,9;62;58,1;62,5;59,4;64,9;56,8;56,8;63,6;69,6;66,7;71,2;74,6;74,6;63,8;59,8;57,3;59,9;66,6;66,6;63,7;64,7;68,4;69,9;67,7;64,7;67,7;68,5;68,5;75,9;75,9;69,9;71,8;66,3;67,6;70,2;71,1;75,5;75,5;79,2;75,3;74,2;79,2;70,2;68,4;73,7;70,2;64,9;69,9;77,1;70,2;70,2;70,5;66,3;62,3;62,5;59,5;;;;;;;;;;;;;;;;;;
Mordhorst;DE;DE;1,01;2;PLL;61,1;71,7;66,6;60,6;58,2;65;60,6;58,4;55,1;55,1;57,8;53;61,8;66,6;61,7;56,6;52,3;42,3;44,5;42,3;44,5;36,385;44,5;56,8;49,5;53;52,4;46,6;52,4;48,2;50,3;53,8;58;60,7;56,2;57,7;64,9;56,9;59,3;57,2;53,2;57,3;55,1;59,3;50,7;50,7;59;63;61,3;65,6;69,6;69,6;59,9;56;52,6;53,3;62,2;62,2;60;61,4;63,6;65,4;63,6;61,4;63,6;64,9;64,9;70,6;70,6;65,2;67,3;62,9;64,6;67,5;67,5;71,7;71,7;74,4;72,8;69,8;74,4;66,6;65,9;70,4;66,6;61,7;65,2;73,4;66,7;66,7;65;61,8;59;57,3;55,1;;;;;;;;;;;;;;;;;;
Mordhorst;DE;DE;2,01;3;PLL;59,4;68,8;61,8;59,1;55,9;63,1;59,1;57,1;51,7;51,7;54,2;50,1;57,7;61,8;55,9;51,5;47,5;38,5;40,5;38,5;40,5;31,73;40,5;52,5;45,5;49,2;48,4;43,1;48,4;45,7;47,5;51,3;56,4;59,1;53,5;54,1;60,5;54,9;57;55;51;55,2;53,2;57;47,8;47,8;57;60,3;59,1;63,6;67;67;58,5;54,5;50,4;50,2;60,7;60,7;58,8;60,4;62;64,2;62,3;60,4;62,3;63,9;63,9;69;69;63,7;66;61,9;64,2;67,1;66,7;70,8;70,8;73,1;72,7;68,8;73,1;66;65,8;69,8;66;60,8;63,7;71,9;66;66;63,1;60,4;57,8;55,2;53,2;;;;;;;;;;;;;;;;;;
Mordhorst;DE;DE;3,01;4;PLL;58,3;65,1;57,4;57,9;54,6;61,5;57,9;56,2;50,2;50,2;52,3;48,8;55,3;57,4;50,8;48,6;45,3;36,7;38,4;36,7;38,4;29,64;38,4;50;43,8;47,1;46;41,6;46;44,4;45,9;50;55,1;57,9;51,9;52,5;58;53,7;55,4;53,9;49,7;53,8;52;55,4;46,1;46,1;55,8;58,3;57,6;61,8;63,6;63,6;57,5;53,6;49,3;48,2;59,5;59,5;57,9;59,5;60,7;63,5;61,2;59,5;61,2;63,1;63,1;67,4;67,4;62,4;64,9;61,1;63,7;66,5;65,8;69,9;69,9;71,8;72,1;67,4;71,8;65;65,3;68,9;65;60;62,4;69;65,1;65,1;61,5;59,1;57;53,8;52,1;;;;;;;;;;;;;;;;;;
Mordhorst;DE;DE;4,01;5;PLL;53,77;63,9;56,1;53,58;50,445;60,2;56,4;55,5;48,3;49,3;50,7;45,6;52,283;53,295;49,8;45,881;42,486;35;35,055;33,25;36,9;23,68;35,055;46,265;39,9;43,225;44,6;39,8;44,6;41,61;42,845;47,31;54,5;56,4;50,3;50,5;53,77;52,1;51,49;50,065;48,8;52,3;51,3;54,3;45,8;43,262;55;56,9;54,15;60,5;59,28;62,9;53,865;53,2;48,7;48;58,9;58,7;54,245;56,24;56,905;59,945;60,8;56,05;60,6;59,66;62,8;67;66,5;58,995;64,2;57,855;63,4;66,2;62,13;69,1;69,1;66,595;66,785;63,555;70,7;61,465;61,655;64,6;64,1;59,1;58,52;64,41;64,2;61,18;57,855;58,2;56,1;52,9;48,545;;;;;;;;;;;;;;;;;;
Mordhorst;DE;DE;5,01;6;PLL;53,675;63;55,3;52,82;49,685;59,3;56,4;55,2;47,6;48,8;49,9;44,935;51,507;49,685;49;45,202;41,031;34,5;34,485;32,775;33,3;23,28;30,685;45,6;39,33;42,655;44;39,3;44;41,325;42,75;47,12;53,9;55,5;49,6;49,8;53,01;51,8;51,205;49,685;48,2;51,5;50,7;54;45,6;42,68;54,4;56,1;53,77;59,6;58,425;62;53,2;52,8;48,2;47,7;58,5;58,3;53,96;55,765;56,335;59,755;60,5;55,67;60,1;59,375;62,5;66,6;65,9;61,8;63,7;57,57;63,1;65,9;61,75;68,7;68,7;65,55;65,835;63,08;69,9;60,895;61,18;63,935;63,4;58,4;57,95;63,46;63,7;60,705;57,475;57,8;55,7;52,5;48,07;;;;;;;;;;;;;;;;;;
Mordhorst;DE;DE;6,01;7;PLL;53,485;59,2;55,2;51,775;49,685;57,7;56,3;55;47,6;48,8;48,7;44,935;50,343;47,025;47;41,613;37,345;32,2;31,35;30,59;31,7;22,64;28,5;43,13;36,67;40,09;42,6;39,3;43,9;40,85;42,56;46,93;53,7;54,4;47;46;49,115;51,6;50,825;49,21;47,9;49,6;50,2;53,7;45,4;41,807;53,9;53,7;53,58;56,3;57,095;62;53,2;52,3;47,9;47,5;58,3;58;53,865;55,575;55,955;59,565;60,2;55,385;59,7;59,185;62,3;66,3;65,6;61,8;63,4;57,57;63;65,6;61,465;68,5;68,5;64,695;64,885;62,985;69,7;60,705;61,085;63,745;63,4;58,2;57,665;62,32;63,3;60,515;57,19;57,5;55,5;52,3;47,785;;;;;;;;;;;;;;;;;;
Mordhorst;DE;DE;7,01;8;PLL;53,39;57,7;54,5;51,395;49,685;55,7;56,2;55;47,3;48,3;47,3;44,745;49,567;43,605;46;39,382;34,532;29,5;29,07;28,025;28,5;21,12;26,41;40,85;34,675;37,43;40,3;39;41,9;40,85;41,515;46,645;53,4;54;46;43,9;47,785;51,1;50,255;48,64;47,4;48;49,3;52,3;45,1;39,479;53,1;52,6;53,39;56,1;56,24;61,7;53,105;51,9;47,6;47,3;58;57,7;53,675;55,385;55,67;59,375;59,8;55,195;59,4;58,995;62,1;66;65,2;61,4;63,2;57,285;62,8;65,3;61,275;68,2;68,2;64,41;64,505;62,795;69,5;60,515;60,895;63,555;63,1;58;57,38;60,99;63,1;60,325;56,905;57,2;55,3;52,1;47,5;;;;;;;;;;;;;;;;;;
Mordhorst;DE;DE;8,01;9;PLL;52,63;57,3;54;50,35;48,26;54,9;55,4;55;45,8;46,5;45,8;43,32;48,306;41,99;44,7;37,248;32,107;27,2;27,075;25,84;26,4;19,76;24,51;38,665;32,87;35,15;38,2;38,5;39,9;40,375;40,85;46,455;53;53;44,7;41,9;46,265;50,5;49,115;48,165;47;46,2;47,6;50,7;44,5;37,442;51,7;51,2;53,105;55,3;55,575;61,5;52,915;51,3;47,2;47,1;57,7;57,3;53,485;55,195;55,385;59,185;59,5;55,005;59,1;58,805;61,9;65,7;64,8;61,2;63;57;62,6;65;61,085;67,9;67,9;64,125;64,22;62,605;69,3;60,325;60,705;63,365;62,8;57,8;57,095;60,8;62,9;60,135;56,62;56,9;55,1;51,9;47,215;;;;;;;;;;;;;;;;;;
Mordhorst;DE;DE;9,01;10;PLL;51,395;56,3;53;49,115;46,74;53,8;54,1;54,1;44,2;44,8;44,2;41,8;45,885;40,375;43,3;35,308;30,652;25,4;25,46;24,13;25;18,64;22,99;36,765;31,255;33,06;34,39;38;38;40,375;40,755;45,885;51,7;51,7;41,135;40;42,845;48,8;47,69;46,93;45,3;44,4;46;49;42,4;35,502;50,2;49,6;52,345;54;54,72;61;52,725;50,8;46,9;46,9;57,4;56,3;53,295;54,91;55,1;58,995;59,1;54,72;58,8;58,615;61,7;65,4;64,2;60,9;62,8;56,81;62,4;61,465;60,895;67,6;67,6;63,84;63,935;62,415;69;60,135;60,515;63,175;62,6;57,6;56,81;60,61;62,7;59,945;56,335;56,6;52,155;51,7;46,36;;;;;;;;;;;;;;;;;;
Mordhorst;DE;DE;10,01;11;PLL;50,065;55,1;51,8;48,791;45,22;52,4;52,7;52,7;42,6;43,1;42,6;40,28;44,46;40,8;41,8;34,6;29,294;23,7;23,94;22,515;23,7;20,9;21,66;35,696;31,3;31,913;32,775;36,3;36,3;38,76;40,66;44,46;50,2;50,2;39,71;38,3;41,225;47,2;48,5;46,463;43,7;42,7;44,4;47,2;40,5;34,8;48,5;48;51,015;52,6;54,708;60,6;54,2;49,2;45,2;46,5;56;55,1;53,01;54,625;54,815;61,9;58,4;57,3;58,5;61,5;61,5;65;63,2;60,6;62,5;59,6;62,2;61,085;60,705;67,3;67,3;66,8;66,8;62,225;68,7;59,945;61,595;62,985;62,4;57,4;56,525;59,66;62,5;59,755;58,9;55,8;51,965;51,5;45,784;;;;;;;;;;;;;;;;;;
Mordhorst;DE;DE;11,01;12;PLL;48,735;53,8;50,5;47,336;43,7;51;51,3;51,3;41,1;41,5;41,1;38,855;43,035;39,3;40,4;33;28,033;22,3;22,705;21,185;22,4;19,855;20,425;34,047;29,8;30,361;31,255;34,8;34,8;37,335;39,14;43,035;48,8;48,8;38,38;36,7;39,77;45,5;47;45,008;42,1;41,1;42,8;45,6;38,7;33,2;47;46,4;49,685;51,2;53,35;59,3;52,8;47,6;43,6;45,6;54,6;53,8;51,68;53,77;53,485;61,7;57,8;56,4;57,2;61,2;61,2;64,4;62;59,8;62;59,4;62;60,8;60,515;67;67;65,5;65,5;62,035;68,5;59,755;61,401;62,795;62,2;57,2;55,67;58,425;62,3;59,565;57,5;54,3;51,775;51,3;44,329;;;;;;;;;;;;;;;;;;
Mordhorst;DE;DE;12,01;13;PLL;47,31;52,4;49,1;45,881;42,18;49,6;49,8;49,8;39,6;40;39,6;37,525;41,61;37,8;39;31,5;26,966;21,1;21,47;20,045;20,6;18,81;19,38;32,592;28,5;28,809;29,83;33,3;33,3;35,91;37,81;41,61;47,3;47,3;37,05;35,2;37,442;44;45,5;43,65;40,5;39,5;41,3;44;37,1;31,8;45,5;44,9;48,355;49,7;51,992;57,9;51,4;46;42;44,1;53,1;52,4;50,35;52,44;52,06;61,5;56,4;55;55,8;60,8;59,9;63;60,6;58,4;60,7;59,2;61,7;60,515;60,325;66,7;66,7;64,1;64,1;61,845;68,2;59,565;61,207;62,605;62;57;54,435;57,19;62;59,375;56,1;52,9;51,585;49,8;42,874;;;;;;;;;;;;;;;;;;
Mordhorst;DE;DE;13,01;14;PLL;45,98;51;47,8;44,523;40,85;48,2;48,4;48,4;38,2;38,6;38,2;36,29;40,28;36,5;37,8;30,2;25,899;20;20,52;19;19,7;17,955;18,43;31,234;27,4;27,548;28,595;32;32;34,675;36,48;40,28;45,9;45,9;35,91;33,8;35,211;42,5;44;42,292;39,1;38,1;39,9;42,5;35,6;30,4;44;43,4;46,93;48,3;50,634;56,5;50;44,5;40,6;42,6;51,6;51;48,925;51,205;50,635;60;55;53,6;54,4;59,3;58,5;61,5;59,2;57;59,3;58,9;61,3;60,23;60,135;66,4;66,4;62,7;62,7;61,655;67,8;59,375;61,013;62,415;61,8;56,7;53,105;55,86;60,6;59,185;54,7;51,4;50,635;48,4;41,419;;;;;;;;;;;;;;;;;;
Mordhorst;DE;DE;14,01;15;PLL;44,65;49,7;46,5;43,165;39,52;46,8;47;47;37;37,2;37;35,055;39,045;35,2;36,5;29;24,415;19;19,57;18,05;18,9;17,195;17,575;29,973;26,3;26,384;27,455;30,8;30,8;33,44;35,245;39,045;44,5;44,5;34,675;32,5;33,95;41,2;42,6;41,031;37,8;36,8;38,5;41,1;34,3;29,2;42,6;42;45,6;46,9;49,373;55,1;48,6;43,1;39,2;41,3;50,2;49,7;47,595;49,875;49,21;58,6;53,7;52,2;53;57,9;57,1;60,1;57,8;55,5;57,9;57,5;59,9;59,09;58,995;65,2;65,2;61,2;61,2;61,275;66,3;59,185;60,819;62,035;61,2;56,4;51,68;54,53;59,2;58,995;53,2;50;49,21;47;40,158;;;;;;;;;;;;;;;;;;
Mordhorst;DE;DE;15,01;20;PLL;43,2;45,9;42,9;39,673;37,9;43,1;43,2;43,2;33,6;33,8;33,6;32,495;35,625;31,9;33,3;25,9;21,945;16,6;17,29;15,77;16,8;15,2;15,485;27,6;23,5;24,1;24,51;27,7;27,7;30,305;32,015;35,625;40,8;40,8;31,635;29,3;31,8;37,5;38,9;38,7;34,3;33,3;35;37,4;30,8;26,1;38,9;38,3;42,874;43,1;47;51,1;44,8;39,3;35,7;37,7;46,2;45,9;46,2;46,17;46,366;54,4;49,7;48,3;49,1;53,7;53,1;55,9;53,7;49,955;53,8;53,3;55,8;61,1;61,1;60,9;60,9;57;57;60,04;62;56,939;60,14;61,3;56,8;52,3;48,985;53,3;55,1;60,6;49,3;46,1;46,366;43,2;37,8;;;;;;;;;;;;;;;;;;
Mordhorst;DE;DE;20,01;25;PLL;38,1;40,6;37,9;35,9;33,1;38;38,1;38,1;29,2;29,3;29,2;29,2;31,16;27,6;29,1;22,1;19,9;13,9;15,3;13,9;14,3;13,5;13,7;23,6;20,1;20,4;20,995;23,8;23,8;27,6;27,74;31,16;35,9;35,9;27,645;25,1;27,6;32,7;34;33,9;29,8;28,8;30,5;32,5;26,4;22,3;34;33,4;37,05;38;41,6;45,4;39,5;34,3;31;32,9;40,8;40,6;40,8;40,945;42,3;48,4;44,2;42,8;43,6;47,7;47,4;49,8;47,9;44,426;47,9;47,4;49,8;54,7;54,7;54,5;54,5;50,8;50,8;53,96;55,6;52,4;53,932;54,9;50,6;46,5;44,8;47,5;49,2;54,3;43,7;40,8;40,185;38,1;33;;;;;;;;;;;;;;;;;;
Mordhorst;DE;DE;25,01;30;PLL;34,1;36,5;34;32;29,4;34;34,1;34,1;25,9;25,9;25,9;25,9;29,2;24,5;25,8;19,3;17,5;11,9;13,2;11,9;12,4;11,8;11,21;20,7;17,6;17,7;19,3;20,9;20,9;24,5;25,123;27,74;32;32;25,8;22,1;24,4;29;30,3;30,2;26,4;25,5;27;28,9;23,2;19,6;30,3;29,8;33,155;33,9;37,3;40,9;35,4;30,5;27,5;29,2;36,5;36,5;36,5;36,765;37,9;43,6;39,7;38,5;39,2;43;42,7;44,9;43,2;39,964;43,2;42,7;44,9;49,5;49,5;49,2;49,3;45,8;45,8;48,925;50,3;47,3;48,791;49,6;45,7;41,8;40,3;42,8;44,3;49,1;39,2;36,5;37,9;34,1;28,518;;;;;;;;;;;;;;;;;;
Mordhorst;DE;DE;30,01;34;SHP;1046,9;1125,2;1046,9;983,4;898,8;1046,9;1046,9;1046,9;789,4;789,4;789,4;789,4;893,8;743,5;789,4;581,6;530,4;351,9;394,1;351,9;372,9;351,9;334,305;623,5;530,4;530,4;581,6;631,3;631,3;743,5;765,718;849,11;983,4;983,4;789,4;669,6;743,5;886,2;926,3;926,3;804,2;775,8;824,3;881,1;702,2;588,5;926,3;909,6;1021,25;1043,4;1152,1;1264,7;1090,2;933,1;837,8;893,8;1125,2;1125,2;1125,2;1136,675;1110,36;1351;1228,9;1188,7;1212,1;1329,3;1322,7;1392,8;1336,6;1235,974;1337,6;1321;1392,8;1540,7;1540,7;1529,9;1529,9;1420,6;1420,6;1602;1563,4;1469,9;1516,498;1542,3;1416,3;1292,8;1245,7;1324,2;1374,6;1525,5;1211,1;1125,2;1168,8;1046,9;871,836;;;;;;;;;;;;;;;;;;
17111;DE;DE;0;1;PLL;120,726;124,241;120,726;120,02;120,02;127,08;127,08;127,08;112,7;112,7;112,7;112,7;116,65;116,65;116,65;108,11;105,13;68,2;103,87;68,2;103,87;68,2;68,2;108,91;105,13;105,13;105,97;105,97;108,11;108,91;106,7318;107,318;110,4184;120,02;106,7318;108,91;112,7;120,02;110,4184;110,4184;116,65;116,65;120,02;110,4184;112,7;108,91;120,02;110,4184;123,72;123,72;124,241;124,241;116,9136;110,4184;107,318;107,318;113,8224;116,9136;116,9136;120,3176;116,9136;125,9296;120,3176;120,3176;120,3176;125,9296;125,9296;131,1552;125,9296;125,9296;125,9296;125,9296;131,1552;131,1552;131,1552;142,56;142,56;149,29;137,3468;149,29;142,56;142,56;149,29;137,3468;131,1552;120,3176;123,1052;136,88;142,56;149,29;131,1338;116,9136;127,08;113,8224;120,02;;;;;;;;;;;;;;;;;;
17111;DE;DE;1,01;2;PLL;101,251;104,7755;101,251;97,5296;99,52;101,251;101,251;101,251;92,2;92,2;92,2;92,2;96,15;96,15;96,15;87,62;84,63;57,95;83,37;57,95;83,37;57,95;57,95;88,41;84,63;84,63;85,47;85,47;87,62;86,6418;86,6418;88,458;91,5584;99,52;83,9895;88,41;92,2;99,52;91,5584;91,5584;96,15;96,15;99,52;91,5584;92,2;88,41;99,52;91,5584;103,22;103,22;104,7755;104,7755;98,0536;91,5584;88,458;88,458;94,9624;98,0536;98,0536;101,4668;98,0536;107,0696;101,4668;101,4668;101,4668;107,0696;107,0696;112,2952;107,0696;107,0696;107,0696;107,0696;112,2952;112,2952;112,2952;122,06;122,06;122,3505;118,4868;128,79;122,06;122,06;128,79;118,4868;112,2952;101,4668;104,2452;110,561;122,06;126,2142;104,2452;98,0536;106,58;94,9624;99,52;;;;;;;;;;;;;;;;;;
17111;DE;DE;2,01;3;PLL;90,402;93,917;90,402;86,338;88,1;90,402;90,402;90,402;80,78;80,78;80,78;80,78;84,73;84,73;84,73;76,19;73,21;52,24;71,94;52,24;71,94;52,24;52,24;76,99;73,21;73,21;74,05;74,05;76,19;75,4502;75,4502;77,9516;81,052;88,1;73,1405;76,99;80,78;88,1;81,052;81,052;84,73;84,73;88,1;81,052;80,78;76,99;88,1;81,052;91,8;91,8;93,917;93,917;87,5472;81,052;77,9516;77,9516;84,456;87,5472;87,5472;90,9512;87,5472;96,5632;90,9512;90,9512;90,9512;96,5632;96,5632;101,7888;96,5632;96,5632;96,5632;96,5632;101,7888;101,7888;101,7888;108,4272;108,4272;115,0226;107,9804;117,37;110,64;110,64;117,37;107,9804;101,7888;90,9512;93,7388;99,712;108,4272;111,5015;93,7388;87,5472;95,16;84,456;88,1;;;;;;;;;;;;;;;;;;
17111;DE;DE;3,01;4;PLL;84,645;88,16;84,645;80,3894;82,03;84,645;84,645;84,645;74,71;74,71;74,71;74,71;78,67;78,67;78,67;70,13;67,14;49,21;65,88;49,21;65,88;49,21;49,21;70,93;67,14;67,14;67,99;67,99;70,13;69,5114;69,5114;72,3764;75,4676;82,03;67,3835;70,93;74,71;82,03;75,4676;75,4676;78,67;78,67;82,03;75,4676;74,71;70,93;82,03;75,4676;85,73;85,73;88,16;88,16;81,972;75,4676;72,3764;72,3764;78,8716;81,972;81,972;85,376;81,972;90,988;85,376;85,376;85,376;90,988;90,988;96,2136;90,988;90,988;90,988;90,988;96,2136;96,2136;96,2136;102,4884;102,4884;109,0838;102,4052;111,31;104,58;104,58;111,31;102,4052;96,2136;85,376;88,1636;93,955;102,4884;105,7445;88,1636;81,972;89,1;78,8716;82,03;;;;;;;;;;;;;;;;;;
17111;DE;DE;4,01;5;PLL;74,8885;78,1375;74,8885;72,31;72,31;77,2534;77,2534;77,2534;65,55;65,55;65,55;65,55;69,2;69,2;69,2;61,32;58,57;43,72;57,4;43,72;57,4;43,72;43,72;62,06;58,57;58,57;59,34;59,34;61,32;62,06;62,06;63,664;66,5252;72,31;62,06;62,06;65,55;72,31;66,5252;66,5252;69,2;69,2;72,31;66,5252;65,55;62,06;72,31;66,5252;75,73;75,73;78,1375;78,1375;72,5236;66,5252;63,664;63,664;69,6716;72,5236;72,5236;75,67;72,5236;80,8496;75,67;75,67;75,67;80,8496;80,8496;85,6704;80,8496;80,8496;80,8496;80,8496;85,6704;85,6704;85,6704;93,12;93,12;94,3635;91,3836;99,33;93,12;93,12;99,33;91,3836;85,6704;75,67;78,2368;86,1224;93,12;94,3635;78,2368;72,5236;78,83;69,6716;72,31;;;;;;;;;;;;;;;;;;
17111;DE;DE;5,01;6;PLL;67,73;70,99;67,73;61,5;61,5;67,73;67,73;67,73;55,05;55,05;55,05;55,05;58,54;58,54;58,54;51,01;48,38;36,99;47,27;36,99;47,27;36,99;36,99;51,72;48,38;48,38;49,12;49,12;51,01;51,72;51,72;58,54;61,5;61,5;51,72;51,72;55,05;61,5;61,5;61,5;58,54;58,54;61,5;61,5;55,05;51,72;61,5;61,5;64,76;64,76;70,99;70,99;67,73;61,5;58,54;58,54;64,76;67,73;67,73;70,99;67,73;76,36;70,99;70,99;70,99;76,36;76,36;81,37;76,36;76,36;76,36;76,36;81,37;81,37;81,37;81,37;81,37;87,3;87,3;87,3;81,37;81,37;87,3;87,3;81,37;70,99;73,66;76,36;81,37;87,3;73,66;67,73;67,73;64,76;61,5;;;;;;;;;;;;;;;;;;
17111;DE;DE;6,01;7;PLL;64,15;67,41;64,15;57,92;57,92;64,15;64,15;64,15;51,47;51,47;51,47;51,47;54,96;54,96;54,96;47,43;44,8;34,87;43,69;34,87;43,69;34,87;34,87;48,14;44,8;44,8;45,54;45,54;47,43;48,14;48,14;54,96;57,92;57,92;48,14;48,14;51,47;57,92;57,92;57,92;54,96;54,96;57,92;57,92;51,47;48,14;57,92;57,92;61,18;61,18;67,41;67,41;64,15;57,92;54,96;54,96;61,18;64,15;64,15;67,41;64,15;72,78;67,41;67,41;67,41;72,78;72,78;77,78;72,78;72,78;72,78;72,78;77,78;77,78;77,78;77,78;77,78;83,71;83,71;83,71;77,78;77,78;83,71;83,71;77,78;67,41;70,08;72,78;77,78;83,71;70,08;64,15;64,15;61,18;57,92;;;;;;;;;;;;;;;;;;
17111;DE;DE;7,01;8;PLL;59,52;62,73;59,52;53,4;53,4;59,52;59,52;59,52;47,06;47,06;47,06;47,06;50,48;50,48;50,48;43,08;40,5;34,14;39,4;34,14;39,4;34,14;34,14;43,78;40,5;40,5;41,23;41,23;43,08;43,78;43,78;50,48;53,4;53,4;43,78;43,78;47,06;53,4;53,4;53,4;50,48;50,48;53,4;53,4;47,06;43,78;53,4;53,4;56,6;56,6;62,73;62,73;59,52;53,4;50,48;50,48;56,6;59,52;59,52;62,73;59,52;68,01;62,73;62,73;62,73;68,01;68,01;72,93;68,01;68,01;68,01;68,01;72,93;72,93;72,93;72,93;72,93;78,76;78,76;78,76;72,93;72,93;78,76;78,76;72,93;62,73;65,35;68,01;72,93;78,76;65,35;59,52;59,52;56,6;53,4;;;;;;;;;;;;;;;;;;
17111;DE;DE;8,01;9;PLL;55,95;59,1;55,95;49,93;49,93;55,95;55,95;55,95;43,7;43,7;43,7;43,7;47,07;47,07;47,07;39,79;37,25;33,14;36,52;33,14;36,52;33,14;33,14;40,47;37,25;37,25;37,97;37,97;39,79;40,47;40,47;47,07;49,93;49,93;40,47;40,47;43,7;49,93;49,93;49,93;47,07;47,07;49,93;49,93;43,7;40,47;49,93;49,93;53,08;53,08;59,1;59,1;55,95;49,93;47,07;47,07;53,08;55,95;55,95;59,1;55,95;64,3;59,1;59,1;59,1;64,3;64,3;69,13;64,3;64,3;64,3;64,3;69,13;69,13;69,13;69,13;69,13;74,86;74,86;74,86;69,13;69,13;74,86;74,86;69,13;59,1;61,68;64,3;69,13;74,86;61,68;55,95;55,95;53,08;49,93;;;;;;;;;;;;;;;;;;
17111;DE;DE;9,01;10;PLL;49,1188;51,9708;49,1188;43,6816;43,6816;49,1188;49,1188;49,1188;38,042;38,042;38,042;38,042;41,0872;41,0872;41,0872;34,5092;32,2092;29,4032;31,6296;29,4032;31,6296;29,4032;29,4032;35,1256;32,2092;32,2092;32,8624;32,8624;34,5092;35,1256;35,1256;41,0872;43,6816;43,6816;35,1256;35,1256;38,042;43,6816;43,6816;43,6816;41,0872;41,0872;43,6816;43,6816;38,042;35,1256;43,6816;43,6816;46,5244;46,5244;51,9708;51,9708;49,1188;43,6816;41,0872;41,0872;46,5244;49,1188;49,1188;51,9708;49,1188;56,6628;51,9708;51,9708;51,9708;56,6628;56,6628;61,042;56,6628;56,6628;56,6628;56,6628;61,042;61,042;61,042;61,042;61,042;66,2216;66,2216;66,2216;61,042;61,042;66,2216;66,2216;61,042;51,9708;54,2984;56,6628;61,042;66,2216;54,2984;49,1188;49,1188;46,5244;43,6816;;;;;;;;;;;;;;;;;;
17111;DE;DE;10,01;11;PLL;46,9108;49,7076;46,9108;41,5656;41,5656;46,9108;46,9108;46,9108;36,0272;36,0272;36,0272;36,0272;39,0172;39,0172;39,0172;32,5588;30,2956;28,3912;29,9276;28,3912;29,9276;28,3912;28,3912;33,1568;30,2956;30,2956;30,9304;30,9304;32,5588;33,1568;33,1568;39,0172;41,5656;41,5656;33,1568;33,1568;36,0272;41,5656;41,5656;41,5656;39,0172;39,0172;41,5656;41,5656;36,0272;33,1568;41,5656;41,5656;44,3624;44,3624;49,7076;49,7076;46,9108;41,5656;39,0172;39,0172;44,3624;46,9108;46,9108;49,7076;46,9108;54,326;49,7076;49,7076;49,7076;54,326;54,326;58,6224;54,326;54,326;54,326;54,326;58,6224;58,6224;58,6224;58,6224;58,6224;63,71;63,71;63,71;58,6224;58,6224;63,71;63,71;58,6224;49,7076;51,9984;54,326;58,6224;63,71;51,9984;46,9108;46,9108;44,3624;41,5656;;;;;;;;;;;;;;;;;;
17111;DE;DE;11,01;12;PLL;46,5336;49,3304;46,5336;41,1884;41,1884;46,5336;46,5336;46,5336;35,65;35,65;35,65;35,65;38,64;38,64;38,64;32,1816;29,9184;28,014;28,9616;28,014;28,9616;28,014;28,014;32,7796;29,9184;29,9184;30,5532;30,5532;32,1816;32,7796;32,7796;38,64;41,1884;41,1884;32,7796;32,7796;35,65;41,1884;41,1884;41,1884;38,64;38,64;41,1884;41,1884;35,65;32,7796;41,1884;41,1884;43,9852;43,9852;49,3304;49,3304;46,5336;41,1884;38,64;38,64;43,9852;46,5336;46,5336;49,3304;46,5336;53,9488;49,3304;49,3304;49,3304;53,9488;53,9488;58,2452;53,9488;53,9488;53,9488;53,9488;58,2452;58,2452;58,2452;58,2452;58,2452;63,3328;63,3328;63,3328;58,2452;58,2452;63,3328;63,3328;58,2452;49,3304;51,6212;53,9488;58,2452;63,3328;51,6212;46,5336;46,5336;43,9852;41,1884;;;;;;;;;;;;;;;;;;
17111;DE;DE;12,01;13;PLL;42,03;45,08;42,03;36,22;36,22;42,03;42,03;42,03;30,2;30,2;30,2;30,2;33,46;33,46;33,46;26,43;23,98;21,9;22,94;21,9;22,94;21,9;21,9;27,09;23,98;23,98;24,67;24,67;26,43;27,09;27,09;33,46;36,22;36,22;27,09;27,09;30,2;36,22;36,22;36,22;33,46;33,46;36,22;36,22;30,2;27,09;36,22;36,22;39,27;39,27;45,08;45,08;42,03;36,22;33,46;33,46;39,27;42,03;42,03;45,08;42,03;50,09;45,08;45,08;45,08;50,09;50,09;54,76;50,09;50,09;50,09;50,09;54,76;54,76;54,76;54,76;54,76;60,3;60,3;60,3;54,76;54,76;60,3;60,3;54,76;45,08;47,57;50,09;54,76;60,3;47,57;42,03;42,03;39,27;36,22;;;;;;;;;;;;;;;;;;
17111;DE;DE;13,01;14;PLL;41,43;44,47;41,43;35,61;35,61;41,43;41,43;41,43;29,6;29,6;29,6;29,6;32,85;32,85;32,85;25,83;23,37;21,3;22,33;21,3;22,33;21,3;21,3;26,48;23,37;23,37;24,06;24,06;25,83;26,48;26,48;32,85;35,61;35,61;26,48;26,48;29,6;35,61;35,61;35,61;32,85;32,85;35,61;35,61;29,6;26,48;35,61;35,61;38,66;38,66;44,47;44,47;41,43;35,61;32,85;32,85;38,66;41,43;41,43;44,47;41,43;49,48;44,47;44,47;44,47;49,48;49,48;54,15;49,48;49,48;49,48;49,48;54,15;54,15;54,15;54,15;54,15;59,69;59,69;59,69;54,15;54,15;59,69;59,69;54,15;44,47;46,96;49,48;54,15;59,69;46,96;41,43;41,43;38,66;35,61;;;;;;;;;;;;;;;;;;
17111;DE;DE;14,01;15;PLL;40,9;43,94;40,9;35,09;35,09;40,9;40,9;40,9;29,07;29,07;29,07;29,07;32,32;32,32;32,32;25,3;22,84;20,73;21,81;20,73;21,81;20,73;20,73;25,96;22,84;22,84;23,54;23,54;25,3;25,96;25,96;32,32;35,09;35,09;25,96;25,96;29,07;35,09;35,09;35,09;32,32;32,32;35,09;35,09;29,07;25,96;35,09;35,09;38,13;38,13;43,94;43,94;40,9;35,09;32,32;32,32;38,13;40,9;40,9;43,94;40,9;48,96;43,94;43,94;43,94;48,96;48,96;53,63;48,96;48,96;48,96;48,96;53,63;53,63;53,63;53,63;53,63;59,16;59,16;59,16;53,63;53,63;59,16;59,16;53,63;43,94;46,43;48,96;53,63;59,16;46,43;40,9;40,9;38,13;35,09;;;;;;;;;;;;;;;;;;
17111;DE;DE;15,01;20;PLL;39,3;42,34;39,3;33,48;33,48;39,3;39,3;39,3;27,47;27,47;27,47;27,47;30,72;30,72;30,72;23,7;21,24;19,3;20,42;19,3;20,42;19,3;19,3;24,35;21,24;21,24;21,93;21,93;23,7;24,35;24,35;30,72;33,48;33,48;24,35;24,35;27,47;33,48;33,48;33,48;30,72;30,72;33,48;33,48;27,47;24,35;33,48;33,48;36,53;36,53;42,34;42,34;39,3;33,48;30,72;30,72;36,53;39,3;39,3;42,34;39,3;47,35;42,34;42,34;42,34;47,35;47,35;52,02;47,35;47,35;47,35;47,35;52,02;52,02;52,02;52,02;52,02;57,56;57,56;57,56;52,02;52,02;57,56;57,56;52,02;42,34;44,83;47,35;52,02;57,56;44,83;39,3;39,3;36,53;33,48;;;;;;;;;;;;;;;;;;
17111;DE;DE;20,01;25;PLL;38,02;41,06;38,02;32,2;32,2;38,02;38,02;38,02;26,19;26,19;26,19;26,19;29,44;29,44;29,44;22,42;19,96;17,88;18,92;17,88;18,92;17,88;17,88;23,07;19,96;19,96;20,65;20,65;22,42;23,07;23,07;29,44;32,2;32,2;23,07;23,07;26,19;32,2;32,2;32,2;29,44;29,44;32,2;32,2;26,19;23,07;32,2;32,2;35,25;35,25;41,06;41,06;38,02;32,2;29,44;29,44;35,25;38,02;38,02;41,06;38,02;46,07;41,06;41,06;41,06;46,07;46,07;50,74;46,07;46,07;46,07;46,07;50,74;50,74;50,74;50,74;50,74;56,28;56,28;56,28;50,74;50,74;56,28;56,28;50,74;41,06;43,55;46,07;50,74;56,28;43,55;38,02;38,02;35,25;32,2;;;;;;;;;;;;;;;;;;
17111;DE;DE;25,01;30;PLL;35,21;38,07;35,21;29,77;29,77;35,21;35,21;35,21;24,13;24,13;24,13;24,13;27,18;27,18;27,18;20,6;18,29;16,35;17,32;16,35;17,32;16,35;16,35;21,21;18,29;18,29;18,94;18,94;20,6;21,21;21,21;27,18;29,77;29,77;21,21;21,21;24,13;29,77;29,77;29,77;27,18;27,18;29,77;29,77;24,13;21,21;29,77;29,77;32,62;32,62;38,07;38,07;35,21;29,77;27,18;27,18;32,62;35,21;35,21;38,07;35,21;42,77;38,07;38,07;38,07;42,77;42,77;47,14;42,77;42,77;42,77;42,77;47,14;47,14;47,14;47,14;47,14;52,33;52,33;52,33;47,14;47,14;52,33;52,33;47,14;38,07;40,4;42,77;47,14;52,33;40,4;35,21;35,21;32,62;29,77;;;;;;;;;;;;;;;;;;
17111;DE;DE;30,01;34;SHP;1191,3701;1288,3549;1191,3701;1006,2173;1006,2173;1191,3701;1191,3701;1191,3701;814,4519;814,4519;814,4519;814,4519;918,0493;918,0493;918,0493;694,323;616,0739;549,9479;583,0109;549,9479;583,0109;549,9479;549,9479;715,2629;616,0739;616,0739;638,1159;638,1159;694,323;715,2629;715,2629;918,0493;1006,2173;1006,2173;715,2629;715,2629;814,4519;1006,2173;1006,2173;1006,2173;918,0493;918,0493;1006,2173;1006,2173;814,4519;715,2629;1006,2173;1006,2173;995,7;1103,2021;1288,3549;1288,3549;1191,3701;1006,2173;918,0493;918,0493;1103,2021;1191,3701;1191,3701;1288,3549;1191,3701;1448,1594;1288,3549;1288,3549;1288,3549;1448,1594;1448,1594;1596,9429;1448,1594;1448,1594;1448,1594;1448,1594;1596,9429;1596,9429;1596,9429;1596,9429;1596,9429;1495,9;1773,2789;1773,2789;1596,9429;1360;1773,2789;1773,2789;1596,9429;1288,3549;1367,7061;1448,1594;1596,9429;1773,2789;1367,7061;1191,3701;1191,3701;1103,2021;1006,2173;;;;;;;;;;;;;;;;;;
Hellmann;DE;DE;0;1;SHP;68,75;75,42;74,07;61,97;60,98;72,75;71,75;62,65;66,68;66,68;68,38;66,68;73,18;87,2;65,5;71,3;51,12;43,05;44,52;43,05;48,15;38,75;38,75;59,1;55,72;55,72;53,22;49,5;49,5;54;55,18;58,58;60,65;63,57;56,38;63,08;60,98;59,37;63,57;59,37;62,18;63,38;60,28;60,57;50,68;47,2;63,17;66,17;63,57;67,87;63,32;73,82;67,15;59,17;62,68;62,48;82,35;69,55;69,05;78,45;82,85;76,72;74,12;94,72;71,62;77,12;77,12;101,62;77,12;87,92;71,92;74,12;78,52;85,3;78,4;87,5;87,5;86,5;95,4;85,2;86,32;83,22;85,4;84;76,32;71,32;79,92;76,72;81,32;83,9;73,92;72,75;75,95;66,27;71,97;;;;;;;;;;;;;;;;;;
Hellmann;DE;DE;1,01;2;SHP;113,08;127,87;124,47;102,37;100,18;124,78;123,08;104,68;120,38;120,38;120,38;120,38;126,08;147,98;108,08;117,18;77,77;62,38;68,77;62,38;73,78;58,58;58,58;96,48;86,97;86,97;84,27;75,88;75,88;83,68;86,28;95,88;100,98;105,87;88,88;104,88;97,78;94,67;103,47;94,67;102,68;105,78;96,38;97,57;80,98;73,68;102,77;110,77;103,47;114,77;105,77;125,67;114,18;96,77;100,78;104,18;132,28;116,18;117,38;134,78;139,28;132,07;126,57;153,87;121,07;132,97;132,97;173,07;130,47;148,37;122,87;126,57;136,27;145,88;135,88;146,68;146,68;151,78;164,08;145,58;144,07;145,57;149,78;144,88;131,17;120,97;136,47;131,47;138,17;143,38;127,37;124,78;126,38;109,97;122,37;;;;;;;;;;;;;;;;;;
Hellmann;DE;DE;2,01;3;SHP;159,98;182,7;177,06;144,16;140,64;178,08;175,48;147,98;160,84;160,84;164,94;160,84;171,94;205,03;152,33;165,83;107,01;84,39;94,51;84,39;101,69;80,89;80,89;135,43;120,61;120,61;117,71;104,93;104,93;115,93;119,94;134,44;142,28;149,76;123,74;148,04;137,24;132,46;145,76;132,46;144,44;149,14;134,84;136,96;113,04;101,63;144,16;156,96;145,76;162,86;149,7;179,3;161,98;135,76;141,54;146,94;187,08;164,78;166,68;187,98;198,18;188,8;180,5;219,1;172,1;189,9;189,9;248,6;186,3;212;175;180,5;195,3;208,52;194,32;209,62;209,62;218,52;236,22;207,02;205,6;208,8;215,42;207,92;187,3;168;188,1;188,2;195,8;203,82;182,1;178,08;179,58;155,86;174,06;;;;;;;;;;;;;;;;;;
Hellmann;DE;DE;3,01;4;SHP;204,19;233,21;226,49;183,39;178,57;227,69;224,29;188,29;204,67;204,67;209,17;204,67;209,17;244,45;193,55;211,35;134,54;105,22;118,24;105,22;127,32;101,22;101,22;171,75;152,44;152,44;148,34;132,15;132,15;146,25;151,57;170,47;180,79;190,59;156,57;188,17;174,17;168,19;185,59;168,19;183,77;189,77;171,17;173,89;142,67;127,85;183,09;199,99;185,59;207,69;190,61;229,51;206,59;172,39;179,97;186,87;238,89;210,29;212,59;244,69;253,09;241,81;230,61;280,31;219,91;243,33;243,33;319,43;238,83;271,21;223,41;230,61;250,43;267,26;249,26;269,06;269,06;280,66;302,96;262,86;263,73;268,13;276,76;266,36;239,93;213,01;240,01;240,81;248,33;258,86;233,01;227,69;229,39;198,29;222,49;;;;;;;;;;;;;;;;;;
Hellmann;DE;DE;4,01;5;SHP;250,91;288,11;279,71;225,11;219,41;281,31;276,91;231,41;240,41;240,41;245,91;240,41;245,91;290,52;238,62;261,02;164,12;127,52;144,02;127,52;156,02;123,82;123,82;211,12;186,62;186,62;182,32;161,02;161,02;178,52;185,01;209,51;221,71;234,51;191,31;231,71;213,71;205,71;227,71;205,71;225,81;233,81;209,91;213,11;174,51;155,82;224,61;246,21;227,71;256,21;233,91;283,31;254,41;211,31;220,71;229,81;293,61;259,31;261,91;295,51;311,91;298,41;284,51;345,31;270,71;300,21;300,21;396,01;294,21;335,11;275,21;284,51;309,21;329,5;307,4;331,3;331,3;347,1;375,1;323,5;324,81;331,21;342,3;329;295,81;266,41;301,11;297,61;305,21;318,6;287,81;281,31;283,21;244,41;274,71;;;;;;;;;;;;;;;;;;
Hellmann;DE;DE;5,01;6;SHP;302,02;347,39;336,74;270,64;263,27;339,12;333,92;278,72;283,37;283,37;290,07;283,37;290,07;343,9;285,9;313,2;195,53;151,06;171,53;151,06;185,56;147,36;147,36;253;222,73;222,73;217,83;192,6;192,6;213,5;221,77;251,27;267,12;282,24;229,37;278,37;256,47;247,04;273,74;247,04;270,97;280,87;251,67;256,04;209,47;186,2;269,64;296,34;273,74;308,44;282,09;341,89;306,62;253,94;264,87;275,97;353,02;312,32;315,52;327,72;375,32;360,19;343,29;415,69;326,39;362,56;362,56;477,66;355,46;403,79;331,99;343,29;373,76;397,93;371,73;400,13;400,13;419,93;453,03;390,43;391,86;400,16;414,03;397,73;357,26;311,89;350,09;358,99;367,66;384,53;347,39;339,12;341,12;293,74;330,54;;;;;;;;;;;;;;;;;;
Hellmann;DE;DE;6,01;7;SHP;297,24;333,4;328,38;264,8;260,33;324,6;323,7;287,24;271,24;272,38;277,32;271,96;283,69;337,86;279,87;302,33;188,36;139,43;154,25;139,95;178,47;157,14;162,37;242,27;210,8;212,51;207,63;177,24;179,49;204,68;207,57;255,61;283,25;273,36;233,23;259,82;241,31;237,51;263,86;241,08;262,77;273,35;244,64;243,43;197,89;182,73;265,47;285,43;269,18;301,56;333,88;329,3;306,52;253,82;257,89;266,77;341,46;299,65;304,56;348,28;364,81;371,28;340,42;402,27;339,72;383,25;382,9;468,17;384,06;393,76;382,1;361,98;412,57;448,45;479,56;448,05;448,43;488,71;529,69;449,92;446,59;425,74;467,52;448,81;423,5;354,67;373,78;394,65;417,37;442,67;341,89;340,06;348,52;324,72;316;;;;;;;;;;;;;;;;;;
Hellmann;DE;DE;7,01;8;SHP;315,88;348,58;339,17;283,65;274,37;336,03;336,1;318,1;278,96;280,38;284,87;279,85;292,84;345,18;287,04;308,36;208,65;140,93;156,31;141,59;181,06;174,07;179,96;248,17;214,35;216,49;211,61;181,94;184,76;211,1;214,71;283,11;313,77;302,72;258,33;265,93;248,28;262,99;274,2;253,75;271,46;282,21;253,53;253,11;219,11;202,46;281,08;295,61;292,42;312,74;369,72;345,2;339,55;281,12;266,89;275,31;353,5;326,64;328,37;367,5;377,29;411,02;376,87;416,19;376,1;424,26;423,8;485,29;425,13;408,43;423;400,77;456,77;496,46;530,85;495,96;496,39;541,02;586,39;498,02;494,44;471,27;517,61;496,88;468,83;392,79;413,92;437,03;462,23;490,28;378,64;376,65;386,03;359,72;325,35;;;;;;;;;;;;;;;;;;
Hellmann;DE;DE;8,01;9;SHP;331,14;365,39;346,64;297,31;287,69;343,85;344,63;333,44;284,33;285,94;290,14;285,34;299,18;350,35;292,05;312,65;218,74;142;157,82;142,74;182,95;182,56;188,72;252,4;216,91;219,34;214,47;185,25;188,44;215,48;223,97;296,78;328,88;317,36;270,87;270,33;253,07;275,74;281,33;266,1;277,49;288,45;259,65;259,7;229,72;212,22;294,66;302,56;306,52;320,47;387,58;356,73;355,98;294,69;273,02;281,17;361,89;342,36;344,08;382,09;385,84;430,79;395,01;425,73;394,15;444,67;444,23;497,04;445,51;418,34;443,4;419,97;478,66;520,34;556,37;519,8;520,23;567,09;614,66;521,96;518,17;493,99;542,46;520,7;491,41;411,76;433,92;458,16;484,58;513,93;396,94;394,81;404,66;377,13;331,78;;;;;;;;;;;;;;;;;;
Hellmann;DE;DE;9,01;10;SHP;346,39;382,31;354,2;311,08;300,91;351,67;353,16;348,78;289,7;291,5;295,41;290,84;305,51;355,63;297,96;317,04;228,84;143,07;159,33;143,9;184,85;191,05;197,49;256,63;219,48;222,19;217,32;190,66;192,43;222,86;234,23;310,55;344,08;332,01;283,41;274,63;257,95;288,39;290,16;278,35;283,51;294,59;266,88;269,49;240,34;222,07;308,34;309,62;320,62;328,2;405,45;373,16;372,3;308,26;279,25;287,03;370,28;358,09;359,89;397,07;394,49;450,55;413,15;435,38;412,3;464,97;464,57;508,78;465,98;437,55;463,7;439,26;500,66;544,21;581,9;543,64;544,07;593,06;642,82;545,89;541,9;516,62;567,31;544,62;513,9;430,74;453,91;479,38;506,92;537,57;415,33;413,07;423,4;394,53;343,72;;;;;;;;;;;;;;;;;;
Hellmann;DE;DE;10,01;11;SHP;361,65;399,13;361,66;324,75;314,24;359,48;365,39;364,22;295,18;297,17;300,78;296,43;311,94;360,81;311,07;321,32;239,03;144,14;160,84;145,06;189,04;199,54;206,25;260,75;222,05;225,05;220,18;199,16;200,91;232,73;244,6;324,22;359,29;346,65;295,85;278,94;266,84;301,15;302,99;290,59;289,54;300,73;278,7;281,38;250,95;231,83;321,92;320,57;334,81;335,92;423,31;389,6;388,72;321,93;285,48;292,89;378,68;373,81;375,7;410,85;403,04;470,21;431,18;444,92;430,35;485,38;484,9;520,53;486,36;456,76;484;458,56;522,56;567,98;607,43;567,48;567,9;619,12;671,09;569,83;565,74;539,24;592,17;568,54;536,48;449,82;474,01;500,5;529,36;561,32;433,63;431,33;442,04;411,93;358,95;;;;;;;;;;;;;;;;;;
Hellmann;DE;DE;11,01;12;SHP;376,91;415,94;369,13;338,41;327,46;367,3;380,83;379,56;300,55;302,73;306,05;301,92;325,17;365,98;324,28;325,61;249,12;145,22;162,45;146,22;197,14;208,03;215,01;264,98;224,61;227,9;222,93;207,57;209,39;242,51;254,96;337,88;374,4;361,29;308,38;283,24;278,12;313,9;315,71;302,84;295,57;306,87;290,43;293,27;261,57;241,68;335,5;334,13;348,91;347,35;441,17;406,03;405,14;335,5;291,72;298,75;390,47;389,53;391,41;425,83;411,69;489,98;449,32;454,57;448,41;505,79;505,34;532,27;506,84;475,87;504,3;477,76;544,55;591,86;632,95;591,33;591,84;645,09;699,25;593,77;589,47;561,86;617,12;592,36;558,97;468,8;494,01;521,63;551,71;584,96;451,93;449,49;460,78;429,34;374,08;;;;;;;;;;;;;;;;;;
Hellmann;DE;DE;12,01;13;SHP;395,26;436,26;376,69;354,98;343,48;377,02;399,36;398,1;310,63;312,39;311,32;312,02;341,11;371,26;340,09;330,9;261,31;146,29;163,95;147,38;206,73;218,12;225,47;269,21;227,18;232,15;232,19;217,67;219,67;254,39;267,42;354,35;392,71;378,94;323,42;287,54;291,71;329,15;331,14;317,59;303,6;313,11;304,65;307,55;274,28;253,44;351,77;350,38;365,91;364,27;462,64;425,76;424,96;351,87;304,65;304,62;409,36;408,36;410,42;443,81;420,34;513,74;471,16;469,21;470,16;530,3;529,87;544,12;531,42;498,98;528,8;500,95;570,95;620,63;663,78;620,07;620,58;676,46;733,22;622,6;618,1;589,19;647,08;621,17;586,15;491,58;518,1;547,05;578,55;613,51;473,93;471,45;483,21;450,34;392,32;;;;;;;;;;;;;;;;;;
Hellmann;DE;DE;13,01;14;SHP;416,72;459,98;386,55;374,25;362,1;397,44;421,09;419,64;327,4;329,36;326,99;328,91;359,54;376,44;358,6;348,89;275,51;147,36;165,46;148,53;218,02;230,01;237,73;273,44;229,75;244,7;244,84;229,48;231,55;268,17;281,88;373,62;414,02;399,48;341,06;298,95;307,49;347;349,07;334,83;320,13;320,56;321,18;324,24;289,19;267,19;370,95;369,44;385,8;384,1;487,8;448,89;447,98;370,94;321,18;310,58;431,56;430,58;432,73;465,09;432,59;541,6;496,69;494,56;495,61;559,11;558,6;563,77;560,19;526,09;557,5;528,15;601,94;654,21;699,7;653,61;654,12;713,13;772,99;656,34;651,53;621,11;682,13;654,79;617,94;518,25;546,2;576,78;610;646,85;499,73;497,01;509,45;474,74;413,65;;;;;;;;;;;;;;;;;;
Hellmann;DE;DE;14,01;15;SHP;438,28;483,59;406,41;393,51;380,83;417,95;442,83;441,28;344,37;346,32;343,86;345,9;378,07;381,61;377,12;366,88;289,7;148,43;166,97;149,69;229,22;241,9;249,99;277,57;233,41;257,35;257,4;241,38;243,53;281,95;296,44;392,89;435,33;420,12;358,6;314,35;323,38;364,86;367,1;352,08;336,55;337,1;337,7;340,93;304,11;280,95;390,03;388,39;405,6;403,83;512,96;472,03;471,1;390,01;337,71;324,74;453,75;452,71;454,94;487,27;454,84;569,47;522,23;520;521,16;587,81;587,24;592,71;588,97;553,1;586,2;555,25;632,84;687,88;735,73;687,25;687,76;749,8;812,75;690,07;685,07;653,03;717,18;688,41;649,72;545,03;574,29;606,5;641,44;680,1;525,42;522,66;535,69;499,25;434,98;;;;;;;;;;;;;;;;;;
Hellmann;DE;DE;15,01;16;SHP;453,54;500,51;420,58;407,18;394,05;432,47;458,16;456,62;356,35;358,38;355,83;357,9;391,3;386,79;390,23;379,76;299,89;149,6;168,48;150,95;237,21;250,39;258,76;281,8;241,58;266,31;266,45;249,79;252,02;291,83;306,8;406,66;450,54;434,76;371,13;325,36;334,66;377,61;379,92;364,43;348,28;348,84;349,42;352,82;314,72;290,8;403,61;401,95;419,8;417,95;530,82;488,46;487,52;403,68;349,44;336,1;469,54;468,33;470,65;502,25;470,6;589,23;540,26;538,05;539,22;608,22;607,67;613,26;609,45;572,31;606,51;574,54;654,83;711,76;761,26;711,09;711,6;775,77;840,92;714,01;708,8;675,65;742,04;712,33;672,3;564,01;594,39;627,63;663,78;703,84;543,72;540,82;554,42;516,65;450,22;;;;;;;;;;;;;;;;;;
Hellmann;DE;DE;16,01;17;SHP;468,79;517,33;434,74;420,95;407,37;446,99;473,59;472,06;368,32;370,45;367,9;369,99;404,44;392,07;403,44;392,55;309,99;150,67;169,99;152,11;245,31;258,88;267,52;286,03;249,74;275,36;275,4;258,2;260,5;301,71;317,06;420,33;465,65;449,41;383,67;336,36;345,95;390,36;392,65;376,67;360,01;360,58;361,25;364,61;325,24;300,56;417,19;415,5;433,89;431,98;548,69;504,89;503,94;417,24;361,17;347,46;485,24;484,06;486,46;516,03;486,35;608,89;558,4;556,09;557,27;628,53;628;633,8;629,83;591,43;626,81;593,74;676,73;735,53;786,78;734,93;735,43;801,84;869,18;737,85;732,63;698,28;766,99;736,15;694,79;582,99;614,39;648,75;686,13;727,48;562,02;559,08;573,06;534,05;465,35;;;;;;;;;;;;;;;;;;
Hellmann;DE;DE;17,01;18;SHP;488,65;539,34;453,2;438,81;424,69;466,01;493,72;492,1;384;386,21;383,47;385,78;421,67;397,24;420,55;409,24;323,18;151,74;171,5;153,27;255,7;269,87;278,98;295,06;260,31;287,11;287,16;269,2;271,58;314,49;330,53;438,19;485,46;468,45;399,91;350,66;360,63;406,91;409,38;392,62;375,34;375,92;376,57;380,1;339,05;313,31;434,96;433,16;452,29;450,3;571,95;526,33;525,36;434,91;376,61;362,22;505,83;504,58;507,07;536,21;507;634,76;582,04;579,64;580,92;655,24;654,64;660,65;656,5;616,54;653,41;618,94;705,43;766,71;820,11;766,07;766,67;835,81;905,95;769,18;763,66;727,9;799,45;767,36;724,27;607,77;640,48;676,27;715,27;758,43;585,92;582,84;597,4;556,85;485,18;;;;;;;;;;;;;;;;;;
Hellmann;DE;DE;18,01;19;SHP;513,21;566,36;475,97;460,88;446,02;489,42;518,56;516,84;403,27;405,67;402,74;405,08;442,9;406,72;441,76;429,83;339,47;152,81;173,01;163,42;268,6;283,46;292,94;309,89;273,38;301,46;301,61;282,71;285,26;330,27;347,19;460,26;509,86;492,09;420,05;368,27;378,81;427,36;429,91;412,37;394,16;394,76;395,5;399,28;356,17;329,07;456,74;454,91;475,09;473,03;600,71;552,76;551,68;456,78;395,44;380,38;531,22;529,91;532,58;560,59;532,45;666,62;611,27;608,78;610,08;688,14;687,47;693,79;689,48;647,55;686,21;650,03;740,92;805,28;861,34;804,52;805,11;877,78;951,51;807,82;801,99;764,52;839,6;805,88;760,66;638,25;672,68;710,3;751,22;796,57;615,42;612,1;627,43;584,76;509,51;;;;;;;;;;;;;;;;;;
Hellmann;DE;DE;19,01;20;SHP;537,76;593,48;498,83;482,94;467,34;512,84;543,39;541,58;422,65;425,04;422,01;424,47;464,03;426,2;462,87;450,42;355,67;162,48;182,51;175,38;281,39;297,05;307;324,72;286,54;315,92;316,07;296,21;298,84;346,15;363,85;482,23;534,27;515,64;440,19;385,87;396,9;447,82;450,53;432,11;413,09;413,7;414,42;418,37;373,18;344,82;478,62;476,67;497,78;495,65;629,48;579,19;578,1;478,65;414,37;398,54;556,61;555,33;557,99;585,97;557,9;698,48;640,51;637,93;639,23;721,05;720,4;727,04;722,46;678,46;719,01;681,13;776,32;843,76;902,46;843,06;843,65;919,75;996,98;846,46;840,43;801,05;879,75;844,5;797,04;668,82;704,88;744,32;787,16;834,62;644,82;641,46;657,47;612,76;533,95;;;;;;;;;;;;;;;;;;
Hellmann;DE;DE;20,01;21;SHP;553,02;610,39;512,99;496,61;480,66;527,46;558,82;556,92;434,62;437,1;434,08;436,56;477,27;438,27;476,08;463,2;365,86;162,45;182,42;175,44;289,49;305,54;315,76;334,05;294,71;324,97;325,02;304,62;307,42;355,93;374,11;496;549,48;530,28;452,72;396,87;408,18;460,57;463,26;444,36;424,82;425,44;426,14;430,26;383,8;354,68;492,2;490,22;511,88;509,68;647,34;595,62;594,52;492,22;426,2;409,9;572,41;570,96;573,8;600,85;573,65;718,25;658,65;655,97;657,28;741,46;740,74;747,59;742,93;697,67;739,41;700,32;798,31;867,63;928,09;866,9;867,49;945,81;1025,24;870,39;864,16;823,67;904,71;868,32;819,52;687,8;724,87;765,45;809,51;858,36;663,21;659,62;676,11;630,16;549,08;;;;;;;;;;;;;;;;;;
Hellmann;DE;DE;21,01;22;SHP;568,28;627,21;527,16;510,38;493,88;541,98;574,26;572,26;446,69;449,26;446,05;448,65;490,4;450,45;489,19;476,09;375,95;162,42;182,43;175,4;297,48;314,03;324,52;343,17;302,78;333,92;334,08;313,13;315,91;365,81;384,47;509,67;564,59;544,92;465,16;407,78;419,47;473,22;476,09;456,71;436,55;437,18;437,97;442,15;394,41;364,43;505,88;503,77;525,97;523,71;665,2;612,06;610,94;505,89;437,93;421,27;588,1;586,68;589,61;614,73;589,4;738,01;676,68;674,02;675,43;761,77;761,07;768,03;763,31;716,88;759,71;719,62;820,21;891,51;953,51;890,74;891,33;971,78;1053,41;894,23;887,89;846,29;929,56;892,24;842,11;706,78;744,87;786,57;831,85;882,01;681,51;677,88;694,85;647,67;564,31;;;;;;;;;;;;;;;;;;
Hellmann;DE;DE;22,01;23;SHP;586,64;647,43;544,12;526,84;509,91;559,49;592,79;590,8;461,07;463,73;460,52;463,15;506,33;465,03;505,01;491,48;388,15;162,4;182,34;175,36;307,07;324,12;335,09;354,3;312,64;344,77;344,83;323,23;326,09;377,59;396,93;526,13;582,9;562,56;480,3;420,98;433,05;488,57;491,41;471,46;450,68;451,33;452,09;456,34;407,12;376,29;522,15;520,03;542,97;540,63;686,76;631,89;630,66;522,16;452,07;434,83;607,09;605,61;608,62;632,81;608,46;761,77;698,52;695,66;697,19;786,38;785,6;792,78;787,89;739,99;784,21;742,82;846,7;920,18;984,34;919,38;920,06;1003,15;1087,38;923,06;916,52;873,61;959,52;920,95;869,29;729,66;768,96;812;858,69;910,55;703,51;699,74;717,28;668,57;582,55;;;;;;;;;;;;;;;;;;
Hellmann;DE;DE;23,01;24;SHP;608,19;671,14;564,08;546,11;528,53;580,01;614,42;612,44;477,94;480,69;477,29;480,14;524,86;482;523,52;509,47;402,34;162,37;182,35;175,31;318,37;336,01;347,35;367,33;324,11;357,32;357,49;335,04;337,97;391,47;411,39;545,4;604,21;583,11;497,84;436,38;448,94;506,42;509,44;488,7;467,1;467,87;468,62;473,12;422,04;390,04;541,23;539,08;562,87;560,46;711,83;654,92;653,78;541,33;468,6;450,79;629,29;627,73;630,83;655,1;630,71;789,54;724,06;721,11;722,64;815,08;814,34;821,82;816,77;767;812,81;769,91;877,6;953,86;1020,27;953,02;953,7;1039,82;1127,14;956,8;950,05;905,54;994,57;954,57;900,98;756,34;797,16;841,72;890,14;943,8;729,21;725,4;743,52;693,07;603,88;;;;;;;;;;;;;;;;;;
Hellmann;DE;DE;24,01;25;SHP;629,65;694,86;583,94;565,38;547,15;600,43;636,15;633,98;494,82;497,65;494,16;497,03;543,3;499,08;542,03;527,46;416,53;162,34;182,26;175,27;329,56;347,9;359,61;380,26;335,47;369,98;370,14;346,84;349,95;405,25;425,96;564,67;625,52;603,65;515,37;451,79;464,72;524,28;527,37;505,95;483,63;484,31;485,14;489,81;436,95;403,8;560,41;558,14;582,76;580,18;736,99;678,06;676,81;560,4;485,23;466,65;651,48;649,86;653,04;676,28;652,86;817,4;749,59;746,55;748,09;843,79;843,07;850,77;845,54;794,01;841,51;797,11;908,6;987,43;1056,29;986,56;987,34;1076,49;1166,91;990,54;983,59;937,46;1029,72;988,29;932,76;783,01;825,26;871,44;921,58;977,14;755,01;750,96;769,76;717,48;625,21;;;;;;;;;;;;;;;;;;
Hellmann;DE;DE;25,01;26;SHP;648,01;715,08;601,01;581,94;563,17;617,95;654,69;652,52;509,29;512,22;508,63;511,53;559,23;513,66;557,84;542,84;428,73;170,51;190,66;183,33;339,26;358,09;370,07;391,39;345,34;380,83;380,9;357,05;360,13;417,03;438,42;581,14;643,83;621,29;530,41;464,99;478,31;539,63;542,8;520,7;497,76;498,45;499,36;504,1;449,67;415,55;576,69;574,39;599,76;597,11;758,45;697,89;696,63;576,77;499,36;480,31;670,37;668,78;672,05;694,36;671,91;841,16;771,43;768,3;769,85;868,4;867,6;875,51;870,12;817,12;866,01;820,31;934,99;1016,21;1087,02;1015,3;1016,08;1107,86;1200,87;1019,37;1012,22;964,78;1059,68;1017,01;959,94;805,89;849,35;896,77;948,43;1005,58;777,01;772,92;792,29;738,48;643,45;;;;;;;;;;;;;;;;;;
Hellmann;DE;DE;26,01;27;SHP;666,36;735,39;618,07;598,41;579,1;635,46;673,22;670,96;523,76;526,78;522,99;526,02;575,06;528,24;573,65;558,23;440,92;178,58;198,97;191,29;348,85;368,28;380,63;402,42;355,11;391,58;391,75;367,16;370,41;428,91;450,78;597,61;662,04;638,94;545,55;478,19;491,89;554,88;558,12;535,44;511,79;512,59;513,49;518,39;462,38;427,41;593,07;590,65;616,76;614,04;779,92;717,62;716,35;593,14;513,49;493,87;689,37;687,71;691,06;712,34;690,86;865,03;793,27;790,04;791,7;892,91;892,14;900,26;894,7;840,23;890,51;843,5;961,49;1044,98;1117,75;1044,05;1044,82;1139,13;1234,84;1048,21;1040,85;992,01;1089,63;1045,83;987,13;828,77;873,45;922,29;975,37;1034,13;799;794,78;814,73;759,38;661,68;;;;;;;;;;;;;;;;;;
Hellmann;DE;DE;27,01;28;SHP;686,22;757,31;636,53;616,28;596,42;654,48;693,35;691;539,34;542,44;538,66;541,81;592,19;544,01;590,76;575,02;454,11;180,95;200,28;193,45;359,35;379,27;391,99;414,45;365,77;403,33;403,41;378,16;381,5;441,69;464,24;615,48;681,84;657,98;561,79;492,5;506,58;571,43;574,85;551,49;527,11;527,93;528,81;533,88;476,3;440,16;610,84;608,3;635,15;632,46;803,28;739,05;737,77;610,81;528,82;508,63;709,96;708,23;711,67;732,52;711,51;890,79;816,9;813,59;815,25;919,62;918,77;927,1;921,38;865,34;917,11;868,6;990,08;1076,16;1151,17;1075,19;1075,96;1173,2;1271,7;1079,45;1071,88;1021,63;1122,19;1077,04;1016,61;853,45;899,55;949,82;1004,51;1065,07;822,9;818,54;839,07;782,09;681,41;;;;;;;;;;;;;;;;;;
Hellmann;DE;DE;28,01;29;SHP;707,68;781,03;656,4;635,54;615,04;674,9;715,09;712,64;556,21;559,51;555,53;558,71;610,73;560,99;609,27;593,01;468,31;181,62;201,39;194,2;370,54;391,16;404,36;427,48;377,24;415,98;416,06;389,97;393,38;455,57;478,8;634,74;703,15;678,62;579,43;507,9;522,46;589,28;592,78;568,74;543,64;544,47;545,34;550,57;491,11;453,92;629,92;627,36;655,05;652,19;828,34;762,19;760,79;629,88;545,36;524,59;732,15;730,36;733,98;753,7;733,76;918,65;842,44;839,03;840,8;948,32;947,5;956,05;950,25;892,35;945,71;895,79;1021,08;1109,73;1187,1;1108,83;1109,6;1209,77;1311,47;1113,18;1105,31;1053,55;1157,24;1110,66;1048,3;880,23;927,64;979,54;1035,86;1098,32;848,6;844,2;865,3;806,59;702,75;;;;;;;;;;;;;;;;;;
Hellmann;DE;DE;29,01;30;SHP;729,14;804,74;676,36;654,81;633,76;695,41;736,72;734,28;573,09;576,47;572,4;575,7;629,26;578,07;627,79;611;482,5;182,29;202,5;194,96;381,83;403,05;416,62;440,41;388,71;428,54;428,72;401,77;405,36;469,34;493,36;654,01;724,46;699,16;596,96;523,31;538,25;607,24;610,81;585,98;560,07;560,91;561,96;567,25;506,02;467,67;649;646,41;674,85;672,01;853,5;785,32;783,91;649,05;561,89;540,46;754,35;752,48;756,19;774,98;756,02;946,42;867,97;864,38;866,26;977,03;976,14;985;979,03;919,36;974,41;922,89;1051,97;1143,41;1223,12;1142,37;1143,23;1246,44;1351,23;1146,92;1138,85;1085,47;1192,29;1144,28;1080,08;906,9;955,84;1009,27;1067,3;1131,66;874,4;869,76;891,54;830,99;724,08;;;;;;;;;;;;;;;;;;
Hellmann;DE;DE;30,01;31;SHP;744,6;821,7;690,6;668,6;647,1;710,1;752,3;749,8;585,2;588,6;584,4;587,8;642,6;590,2;641;623,8;492,7;182,6;203,1;195,3;389,9;411,5;425,3;449,7;396,8;437,6;437,7;410,2;413,9;479,3;503,7;667,8;739,8;713,9;609,6;534,4;549,6;620;623,7;598,3;571,9;572,8;573,8;579,2;516,7;477,5;662,7;660;689,1;686,2;871,5;801,9;800,4;662,7;573,8;551,9;770,2;768,4;772,1;790;771,9;966,4;886,3;882,7;884,5;997,7;996,8;1005,8;999,7;938,8;994,9;942,4;1074,2;1167,5;1248,9;1166,5;1167,4;1272,8;1379,7;1171,2;1162,9;1108,4;1217,5;1168,5;1102,9;926;975,9;1030,5;1089,8;1155,5;892,8;888,1;910,4;848,6;739,4;;;;;;;;;;;;;;;;;;
Hellmann;DE;DE;31,01;34;SHP;767,8;847,3;712,1;689,5;667,3;732,2;775,7;773,2;603,4;606,9;602,6;606,1;662,6;608,6;661;643,2;508;182,6;203,1;195,3;401,9;424,3;438,5;463,7;409,2;451,2;451,3;423;426,8;494,2;519,4;688,6;762,8;736,2;628,5;551;566,7;639,4;643,1;617;589,8;590,6;591,7;597,3;532,8;492,4;683,4;680,6;710,6;707,6;898,7;826,9;825,4;683,4;591,7;569,1;794,4;792,5;796,4;812,6;796,2;996,8;914,1;910,4;912,3;1029;1028,1;1037,4;1031,1;968,3;1026,2;972;1107,9;1204,2;1288,1;1203,1;1204;1312,7;1423;1207,9;1199,4;1143,2;1255,6;1205,1;1137,5;954,9;1006,4;1062,6;1123,8;1191,6;920,7;915,8;938,8;875;762,4;;;;;;;;;;;;;;;;;;
Raben;DE;DE;0;1;PLL;85,87;102,32;89,06;72,08;84,37;85,24;87,25;91,77;77,74;75,72;77,74;75,72;72,61;86,8;94,53;89,26;71,11;54;57,12;54;63,65;48,86;50,87;79,62;70,54;60,51;73,08;67,03;68,82;73,49;68,37;70,16;80,46;78,74;77,53;75,36;74,49;78,21;76,91;72,07;72,41;77,87;76,06;74,74;73,59;80,13;84,28;82,1;84,28;92,6;97,14;94,88;83,81;82,47;77,83;72,41;80,05;81,85;80,05;90,27;88,39;89,36;86;82,88;84,2;89,88;91,19;95,38;97,27;92,93;91,19;89,39;95,46;99,18;93,82;93,65;94,96;98,78;105,57;103,3;96,77;97,22;99,98;99,98;93,46;86,34;93,71;98,8;92,74;105,61;107,35;107,35;89,38;83,29;83,29;;;;;;;;;;;;;;;;;;
Raben;DE;DE;1,01;2;PLL;71,54;80,47;67,69;58,8;66,16;69,93;70,94;73,31;61,76;60,75;61,76;60,75;58,77;66,5;70,93;63,84;54,37;40,8;42,78;40,8;46,17;34,82;35,83;58,55;53,83;47,65;56,27;53,18;54,07;57,66;54,67;56,39;65,31;61,74;60,56;57,46;58,65;63,97;62,9;58,79;58,37;62,79;61,89;60,82;58,67;62,06;67,07;64,98;67,07;73,1;75,47;74,28;68,52;66,32;62,77;58,37;65,75;66,64;65,75;72,85;70,03;74,73;70,65;68,67;69,76;75,43;76,49;80,55;79,6;76,42;75,66;74,75;77,86;82,47;79,23;79,07;80,13;82,06;85,61;84,41;81,02;81,47;81,23;81,23;77,84;71,99;76,19;81,09;77,99;84,64;83,29;83,29;73,01;64,11;64,11;;;;;;;;;;;;;;;;;;
Raben;DE;DE;2,01;3;PLL;68,95;75,64;62,64;56,16;62,12;66,92;67,67;69,4;58,33;57,59;58,33;57,59;55,94;61,77;65,25;57,37;50,45;37,67;39,31;37,67;41,78;31,24;31,97;53,35;49,91;44,83;52,4;50,18;50,82;54,15;51,76;53,53;62,23;57,97;56,77;53,27;55,16;61,17;60,13;56,14;55,46;59,68;59,05;58,03;55,49;57,96;63,4;61,24;63,4;68,82;70,56;69,68;65,51;62,97;59,65;55,46;62,97;63,6;62,97;69,27;66,05;72,09;67,66;66,01;67,03;72,89;73,9;78,01;76,12;73,22;72,76;72,14;74,36;79,37;76,74;76,58;77,59;78,96;81,55;80,69;78,22;78,68;77,44;77,44;74,99;69,41;72,65;77,64;75,42;80,22;77,83;77,83;69,76;59,68;59,68;;;;;;;;;;;;;;;;;;
Raben;DE;DE;3,01;4;PLL;67,51;73,01;59,99;54,74;59,8;64,91;65,56;67,06;56,22;55,57;56,22;55,57;54,5;59,24;62,41;54,29;48,24;36,25;37,31;36,25;39,46;29,22;29,86;50,73;47,69;43,39;50,19;48,24;48,8;52,06;50,35;52,09;60,23;55,74;54,56;50,95;53,03;59,23;58,71;54,72;53,52;57,66;57,12;56,61;53,48;55,63;61,18;59,03;61,18;66,4;67,92;67,16;63,49;60,87;57,63;53,52;61,04;61,58;61,04;67,03;63,73;70,17;65,64;64,58;65,11;71,45;71,96;76,08;73,91;71,12;70,74;70,2;72,14;77,26;75,31;75,15;75,67;76,86;79,12;78,36;76,2;76,68;75,12;75,12;72,97;67,96;70,44;75,43;73,47;77,7;74,99;74,99;67,66;57,27;57,27;;;;;;;;;;;;;;;;;;
Raben;DE;DE;4,01;5;PLL;66,89;72,17;59,04;54,38;58,98;64,3;64,91;66,33;55,47;54,87;55,47;54,87;53,77;58,33;61,37;53,08;47,38;35,32;36,43;35,32;38,46;28,25;28,88;49,68;46,83;42,93;49,34;47,51;48,03;51,27;49,56;51,34;59,56;54,95;53,76;50,06;52,28;58,6;58,01;54,37;52,84;56,99;56,47;55,88;52,75;54,79;60,43;58,26;60,43;65,61;67,03;66,32;62,86;60,16;56,96;52,84;60,42;60,93;60,42;66,36;62,97;69,64;65,04;63,94;64,53;70,86;71,46;75,61;73,29;70,52;70,2;69,68;71,51;76,73;74,75;74,6;75,2;76,32;78,45;77,74;75,71;76,17;74,47;74,47;72,43;67,38;69,78;74,82;72,99;76,97;74,05;74,05;67,03;56,39;56,39;;;;;;;;;;;;;;;;;;
Raben;DE;DE;5,01;6;PLL;64,98;69,81;56,9;52,9;56,94;62,24;62,8;64,15;53,53;52,95;53,53;52,95;52,06;56,24;59,13;50,95;45,55;33,93;34,82;33,93;36,75;26,78;27,36;47,69;45;41,65;47,48;45,73;46,21;49,39;47,93;49,68;57,56;52,99;51,81;48,16;50,38;56,62;56,24;52,89;50,96;55,04;54,53;54,14;50,88;52,81;58,38;56,25;58,38;63,4;64,77;64,08;60,81;58,14;55;50,96;58,41;58,92;58,41;64,21;60,85;67,47;62,95;62,06;62,45;68,89;69,28;73,35;71,02;68,33;68,02;67,51;69,28;74,45;72,72;72,56;72,94;74,03;76,06;75,37;73,44;73,9;72,16;72,16;70,22;65,43;67,57;72,53;70,78;74,55;71,62;71,62;64,9;54,34;54,34;;;;;;;;;;;;;;;;;;
Raben;DE;DE;6,01;7;PLL;64,4;69,04;56,13;52,5;56,27;61,64;62,2;63,49;52,93;52,37;52,93;52,37;51,48;55,5;58,33;50,05;44,92;33,36;34,25;33,36;36,07;26,21;26,76;46,93;44,36;41,23;46,83;45,17;45,64;48,8;47,35;49,09;56,98;52,35;51,18;47,49;49,77;56,07;55,65;52,49;50,4;54,46;53,97;53,58;50,29;52,14;57,73;55,61;57,73;62,72;64;63,36;60,23;57,53;54,43;50,4;57,86;58,35;57,86;63,57;60,17;66,92;62,38;61,49;61,9;68,31;68,72;72,8;70,4;67,72;67,43;66,95;68,63;73,83;72,15;71,97;72,39;73,42;75,34;74,7;72,87;73,31;71,48;71,48;69,66;64,87;66,93;71,89;70,22;73,82;70,8;70,8;64,28;53,64;53,64;;;;;;;;;;;;;;;;;;
Raben;DE;DE;7,01;8;PLL;64,25;68,8;55,83;52,44;56,02;61,51;62,04;63,3;52,72;52,19;52,72;52,19;51,31;55,2;57,98;49,63;44,65;33,07;33,95;33,07;35,75;25,89;26,44;46,57;44,09;41,12;46,58;44,96;45,43;48,57;47,12;48,88;56,82;52,13;50,95;47,21;49,57;55,91;55,48;52,43;50,22;54,27;53,83;53,37;50,09;51,88;57,55;55,4;57,55;62,49;63,73;63,12;60,09;57,36;54,24;50,22;57,73;58,18;57,73;63,39;59,96;66,82;62,24;61,35;61,77;68,18;68,63;72,73;70,25;67,59;67,32;66,85;68,48;73,72;72,04;71,89;72,31;73,3;75,18;74,55;72,78;73,22;71,31;71,31;69,55;64,73;66,78;71,76;70,13;73,61;70,5;70,5;64,14;53,36;53,36;;;;;;;;;;;;;;;;;;
Raben;DE;DE;8,01;9;PLL;56,9;59,36;50,13;47,53;41,83;53,36;59,83;59,83;38,14;38,14;38,14;38,14;39,99;45,52;45,52;37,99;34,3;29,69;32,92;29,69;29,69;16,46;28,01;39,22;37,68;37,68;33,52;34,3;34,3;38,14;38,14;41,83;54,91;50,29;41,83;35,83;39,68;46,9;53,36;46,9;44,14;44,14;49,67;49,67;39,52;39,52;51,83;51,83;60,9;37,37;68,09;64,75;57,21;57,21;44,14;45,68;57,21;57,21;57,21;64,75;59,36;71,14;65,91;65,56;65,91;72,15;72,67;77,07;74,83;72,28;71,47;71,47;72,97;78,73;76,88;76,71;77,18;78,27;80,34;79,65;77,7;78,18;76,08;76,08;74,14;68,83;71,1;76,57;74,79;78,61;66,9;66,9;66,9;51,83;49,53;;;;;;;;;;;;;;;;;;
Raben;DE;DE;9,01;10;PLL;52,71;55,02;46,5;43,95;38,65;49,35;55,29;55,29;35,16;35,16;35,16;35,16;37,04;42,32;42,32;35,16;31,64;27,45;30,43;27,45;27,45;15,28;27,45;36,23;35,01;35,01;31,1;31,64;31,64;35,16;35,16;38,65;50,83;46,5;38,65;33,25;36,64;43,41;49,35;43,41;40,96;40,96;45,96;45,96;36,5;36,5;47,99;47,99;56,38;34,61;63,4;59,88;52,87;52,87;40,96;42,45;52,87;52,87;52,87;59,88;55,02;70,08;63,4;62,05;63,4;69,08;71,42;75,96;74,07;66,92;69,08;69,08;71,86;77,5;75,68;75,53;75,98;77,06;79,07;78,39;76,48;76,96;74,91;74,91;73,01;67,84;70,04;75,38;73,63;77,39;61,91;61,91;61,91;47,99;45,69;;;;;;;;;;;;;;;;;;
Raben;DE;DE;10,01;11;PLL;49,91;51,94;44,01;41,61;36,58;46,66;52,29;52,29;33,22;33,22;33,22;33,22;35,01;39,82;39,82;33,22;29,98;25,91;28,91;25,91;25,91;14,39;25,91;34,31;32,99;32,99;29,26;29,98;29,98;33,22;33,22;36,58;47,98;44,15;36,58;31,43;34,67;41,03;46,66;41,03;38,74;38,74;43,31;43,31;34,55;34,55;45,34;45,34;53,38;32,75;59,98;56,74;50,02;50,02;38,74;40,06;50,02;50,02;50,02;56,74;51,94;67,56;59,98;58,66;59,98;65,37;70,06;73,29;70,06;63,34;65,37;65,37;69,31;74,8;73,03;72,88;73,33;74,37;76,33;75,67;73,82;74,27;72,28;72,28;70,42;65,37;67,52;72,74;71,04;74,69;58,53;58,53;58,53;45,34;43,18;;;;;;;;;;;;;;;;;;
Raben;DE;DE;11,01;12;PLL;48,49;50,58;42,77;40,46;35,63;45,53;50,91;50,91;32,44;32,44;32,44;32,44;34,1;38,82;38,82;32,44;29,25;25,3;28,04;25,3;25,3;14,07;25,3;33,43;32,11;32,11;28,48;29,14;29,14;32,44;32,44;35,63;46,73;42,89;35,63;30,58;33,75;39,91;45,53;39,91;37,61;37,61;42,22;42,22;33,65;33,65;44,21;44,21;51,91;31,9;58,5;55,2;48,71;48,71;37,61;39,04;48,71;48,71;48,71;55,2;50,58;66,73;58,5;57,18;58,5;63,56;68,18;71,36;68,18;61,58;63,56;63,56;68,46;73,96;72,19;72,03;72,48;73,52;75,49;74,82;72,97;73,44;71,43;71,43;69,58;64,53;66,68;71,9;70,19;73,85;56,97;56,97;56,97;44,21;42,11;;;;;;;;;;;;;;;;;;
Raben;DE;DE;12,01;13;PLL;47,51;49,53;41,92;39,59;34,8;44,46;49,84;49,84;31,77;31,77;31,77;31,77;33,4;38,06;38,06;31,77;28,62;24,67;27,41;24,67;24,67;13,7;24,67;32,68;31,46;31,46;27,92;28,52;28,52;31,77;31,77;34,9;45,67;42,02;34,9;29,94;32,99;39,18;44,46;39,18;36,85;36,85;41,31;41,31;32,89;32,89;43,24;43,24;50,86;31,17;57,15;54;47,61;47,61;36,85;38,16;47,61;47,61;47,61;54;49,53;65,88;57,15;55,83;57,15;62,32;66,69;69,83;66,69;60,4;62,32;62,32;67,63;73,12;71,35;71,19;71,64;72,69;74,65;73,99;72,14;72,59;70,6;70,6;68,74;63,69;65,84;71,06;69,36;73,01;55,83;55,83;55,83;43,24;41,11;;;;;;;;;;;;;;;;;;
Raben;DE;DE;13,01;14;PLL;45,45;47,41;40,13;37,88;33,41;42,65;47,78;47,78;30,42;30,42;30,42;30,42;31,92;36,4;36,4;30,34;27,45;23,62;26,32;23,62;23,62;13,17;23,62;31,27;30,15;30,15;26,69;27,36;27,36;30,42;30,42;33,51;43,77;40,23;33,51;28,66;31,64;37,43;42,65;37,43;35,19;35,19;39,58;39,58;31,54;31,54;41,35;41,35;48,72;29,87;54,68;51,71;45,64;45,64;35,19;36,59;45,64;45,64;45,64;51,71;47,51;64,41;54,68;53,57;54,68;59,64;63,83;66,91;63,83;57,77;59,64;59,64;66,13;71,57;69,82;69,66;70,1;71,14;73,08;72,42;70,6;71,05;69,07;69,07;67,23;62,23;64,36;69,53;67,84;71,46;53,38;53,38;53,38;41,35;39,49;;;;;;;;;;;;;;;;;;
Raben;DE;DE;14,01;15;PLL;44,89;46,84;39,58;37,46;32,95;42,06;47,11;47,11;30,02;30,02;30,02;30,02;31,53;35,86;35,86;29,93;27,01;23,38;25,95;23,38;23,38;13,01;23,38;30,9;29,67;29,67;26,39;27,01;27,01;30,02;30,02;33,03;43,21;39,67;33,03;28,34;31,17;36,93;42,06;36,93;34,8;34,8;39,05;39,05;31,09;31,09;40,82;40,82;47,99;29,49;54,02;51,1;45,07;45,07;34,8;36,04;45,07;45,07;45,07;51,1;46,84;62,94;54,02;52,78;54,02;58,8;63,05;65,97;63,05;57,02;58,8;58,8;64,65;70,04;68,3;68,15;68,59;69,61;71,53;70,88;69,07;69,52;67,56;67,56;65,74;60,79;62,9;68,01;66,34;69,93;52,69;52,69;52,69;40,82;38,96;;;;;;;;;;;;;;;;;;
Raben;DE;DE;15,01;20;PLL;42,03;43,8;37,03;35,04;30,86;39,35;44,1;44,1;28,07;28,07;28,07;28,07;29,47;33,63;33,63;28;25,3;21,85;24,28;21,85;21,85;12,14;21,85;28,91;27,8;27,8;24,71;25,23;25,23;28,07;28,07;30,88;40,46;37,1;30,88;26,49;29,18;34,58;39,35;34,58;32,56;32,56;36,53;36,53;29,11;29,11;38,2;38,2;44,96;27,62;50,55;47,75;42,14;42,14;32,56;33,75;42,14;42,14;42,14;47,75;43,81;62,26;50,55;49,43;50,55;55,04;58,99;61,77;58,99;53,37;55,04;55,04;61,77;68,11;66,37;66,22;66,66;67,68;70,98;68,96;67,14;67,27;65,64;65,64;60,63;56,06;56,06;58,86;61,66;68,29;49,32;49,32;49,32;38,2;36,43;;;;;;;;;;;;;;;;;;
Raben;DE;DE;20,01;25;PLL;38,8;40,44;34,19;32,34;28,45;36,32;40,71;40,71;25,91;25,91;25,91;25,91;27,19;31,03;31,03;25,84;23,33;20,15;22,41;20,15;20,15;11,2;20,15;26,64;25,65;25,65;22,8;23,29;23,29;25,91;25,91;28,51;37,37;34,24;28,51;24,44;26,95;31,92;36,32;31,92;30,05;30,05;33,73;33,73;26,85;26,85;35,3;35,3;41,48;25,47;46,67;44,08;38,9;38,9;30,05;31,13;38,9;38,9;38,9;44,08;40,44;59,49;46,66;45,62;46,66;50,79;54,43;57;54,43;49,24;50,79;50,79;57;64,63;64,63;66,22;66,22;67,23;70,59;67,23;64,63;62,05;63,26;64,8;55,97;51,74;51,74;54,32;56,9;67,23;45,52;45,52;45,52;35,3;33,62;;;;;;;;;;;;;;;;;;
Raben;DE;DE;25,01;30;PLL;36,73;38,31;32,35;30,61;26,92;34,41;38,56;38,56;24,56;24,56;24,56;24,56;25,78;29,39;29,39;24,52;22,09;19,07;21,21;19,07;19,07;10,61;19,07;25,23;24,3;24,3;21,6;22,04;22,04;24,56;24,56;26,98;35,35;32,42;26,98;23,16;25,53;30,23;34,41;30,23;28,47;28,47;31,91;31,91;25,47;25,47;33,42;33,42;39,28;24,13;44,19;41,71;36,84;36,84;28,47;29,47;36,84;36,84;36,84;41,71;38,32;56,31;44,19;43,21;44,19;48,09;51,55;53,98;51,55;46,65;48,09;48,09;53,98;61,24;61,24;62,68;62,68;63,68;68,59;63,68;61,24;58,78;59,92;61,39;52,98;48,99;48,99;51,45;53,89;63,68;43,09;43,09;43,09;33,42;31,85;;;;;;;;;;;;;;;;;;
Raben;DE;DE;30,01;34;SHP;1057,26;1103,34;931,2;881,05;775,32;990,5;1110,11;1110,11;707,21;707,21;707,21;707,21;742,44;845,81;845,81;705,85;635,7;548,97;609,95;548,97;548,97;304,98;548,97;726,53;699,42;699,42;622,16;634,36;634,36;707,21;707,21;776,68;1017,95;933,91;776,68;666,88;734,66;870,2;990,5;870,2;820,05;820,05;919,01;919,01;733,3;733,3;962,38;962,38;1130,79;695,01;1272,78;1201,27;1060,98;1060,98;820,05;848,52;1060,98;1060,98;1060,98;1201,27;1103,34;1621,47;1272,78;1244,31;1272,78;1385,28;1484,22;1554,71;1484,22;1343,26;1385,28;1385,28;1554,71;1763,46;1763,46;1805,47;1805,47;1833,93;1974,9;1833,93;1763,46;1692,97;1725,5;1767,51;1526,25;1411,03;1411,03;1481,52;1552;1833,93;1240,58;1240,58;1240,58;962,38;917,31;;;;;;;;;;;;;;;;;;
